experiment_id,workload_name,workload_variant,fusion_level,num_fused_layers,arch_name,fmem_size_kB,wmem_size_kB,pe_rows,pe_cols,success,error_message,energy_uJ,latency_cycles,edp,mops,utilization,mapping_time_s,mapping
fsrcnn_8layer_2026-01-30T23:09:28.977256,fsrcnn,8layer,full,8,thesis_arch,128,256,8,64,True,,13885.364355650192,29281254.545454547,577106.244444358,"(14878941192, 4721068800)",0.2373046875,1.893784999847412,DRAM[Q15 P540 X615 Y6540 X515 Y5540 X415 Y4540 X315 Y3540 X215 Y2540 X115 Y1540 X015 Y0540 C01 R01 S01 Z01 C11 R11 S11 Z11 C21 R21 S21 Z21 C31 R31 S31 Z31 C41 R41 S41 Z41 C51 R51 S51 Z51 C61 R61 S61 Z61 C71 R71 S71 Z71] FeatureMemory[C01 Y01 X01 R01 S01 Z01 C11 R11 S11 Y11 X11 Z11 C21 R21 S21 Y21 X21 Z21 C31 R31 S31 Y31 X31 Z31 C41 R41 S41 Y41 X41 Z41 C51 R51 S51 Y51 X51 Z51 C61 R61 S61 Y61 X61 Z61 C71 R71 S71 P1 Q1 Z71] WeightMemory[Z72 C756 R73 S73 Z67 C612 R61 S61 Z52 C512 R53 S53 Z42 C412 R43 S43 Z32 C312 R33 S33 Z22 C212 R23 S23 Z12 C156 R11 S11 Z07 C03 R05 S05 Y01 X01 Y11 X11 Y21 X21 Y31 X31 Y41 X41 Y51 X51 Y61 X61 P1 Q1] SACols_7[Q64] SARows_7[Z78] SACols_6[X664] SARows_6[Z68] SACols_5[X564] SARows_5[Z56] SACols_4[X464] SARows_4[Z46] SACols_3[X364] SARows_3[Z36] SACols_2[X264] SARows_2[Z26] SACols_1[X164] SARows_1[Z16] SACols_0[X064] SARows_0[Z08] WeightRegister[C71 R71 S71 C61 R61 S61 C51 R51 S51 C41 R41 S41 C31 R31 S31 C21 R21 S21 C11 R11 S11 C01 R01 S01 Y01 X01 Z01 Y11 X11 Z11 Y21 X21 Z21 Y31 X31 Z31 Y41 X41 Z41 Y51 X51 Z51 Y61 X61 Z61 P1 Q1 Z71] AccumulationIntermediateOutputRegister[Z61 Y61 X61 Z51 Y51 X51 Z41 Y41 X41 Z31 Y31 X31 Z21 Y21 X21 Z11 Y11 X11 Z01 Y01 X01 C01 R01 S01 C11 R11 S11 C21 R21 S21 C31 R31 S31 C41 R41 S41 C51 R51 S51 C61 R61 S61 C71 R71 S71 P1 Q1 Z71] AccumulationOutputRegister[Q1 P1 Z71 C01 Y01 X01 R01 S01 Z01 C11 R11 S11 Y11 X11 Z11 C21 R21 S21 Y21 X21 Z21 C31 R31 S31 Y31 X31 Z31 C41 R41 S41 Y41 X41 Z41 C51 R51 S51 Y51 X51 Z51 C61 R61 S61 Y61 X61 Z61 C71 R71 S71] Compute] 
fsrcnn_8layer_2026-01-30T23:09:32.570945,fsrcnn,8layer,full,8,thesis_arch,128,256,16,128,True,,14570.88283434079,34335556.36363636,700259.4823264251,"(15155753832, 5185555200)",0.10841581382647902,2.8106343746185303,DRAM[Q8 P540 X68 Y6540 X58 Y5540 X48 Y4540 X38 Y3540 X28 Y2540 X18 Y1540 X08 Y0540 C01 R01 S01 Z01 C11 R11 S11 Z11 C21 R21 S21 Z21 C31 R31 S31 Z31 C41 R41 S41 Z41 C51 R51 S51 Z51 C61 R61 S61 Z61 C71 R71 S71 Z71] FeatureMemory[C01 Y01 X01 R01 S01 Z01 C11 R11 S11 Y11 X11 Z11 C21 R21 S21 Y21 X21 Z21 C31 R31 S31 Y31 X31 Z31 C41 R41 S41 Y41 X41 Z41 C51 R51 S51 Y51 X51 Z51 C61 R61 S61 Y61 X61 Z61 C71 R71 S71 P1 Q1 Z71] WeightMemory[Z71 C756 R73 S73 Z64 C612 R61 S61 Z51 C512 R53 S53 Z41 C412 R43 S43 Z31 C312 R33 S33 Z21 C212 R23 S23 Z11 C156 R11 S11 Z04 C03 R05 S05 Y01 X01 Y11 X11 Y21 X21 Y31 X31 Y41 X41 Y51 X51 Y61 X61 P1 Q1] SACols_7[Q120] SARows_7[Z716] SACols_6[X6120] SARows_6[Z614] SACols_5[X5120] SARows_5[Z512] SACols_4[X4120] SARows_4[Z412] SACols_3[X3120] SARows_3[Z312] SACols_2[X2120] SARows_2[Z212] SACols_1[X1120] SARows_1[Z112] SACols_0[X0120] SARows_0[Z014] WeightRegister[C71 R71 S71 C61 R61 S61 C51 R51 S51 C41 R41 S41 C31 R31 S31 C21 R21 S21 C11 R11 S11 C01 R01 S01 Y01 X01 Z01 Y11 X11 Z11 Y21 X21 Z21 Y31 X31 Z31 Y41 X41 Z41 Y51 X51 Z51 Y61 X61 Z61 P1 Q1 Z71] AccumulationIntermediateOutputRegister[Z61 Y61 X61 Z51 Y51 X51 Z41 Y41 X41 Z31 Y31 X31 Z21 Y21 X21 Z11 Y11 X11 Z01 Y01 X01 C01 R01 S01 C11 R11 S11 C21 R21 S21 C31 R31 S31 C41 R41 S41 C51 R51 S51 C61 R61 S61 C71 R71 S71 P1 Q1 Z71] AccumulationOutputRegister[Q1 P1 Z71 C01 Y01 X01 R01 S01 Z01 C11 R11 S11 Y11 X11 Z11 C21 R21 S21 Y21 X21 Z21 C31 R31 S31 Y31 X31 Z31 C41 R41 S41 Y41 X41 Z41 C51 R51 S51 Y51 X51 Z51 C61 R61 S61 Y61 X61 Z61 C71 R71 S71] Compute] 
fsrcnn_8layer_2026-01-30T23:09:37.276824,fsrcnn,8layer,full,8,thesis_arch,128,256,32,256,False,"Ill-posed constraints:
CONSTRAINTS VIOLATION: Arch: Thesis_8Layers_131072KB_FMEM_32x256_PEs -> Level: FeatureMemory: memory footprint: 143485 VS memory available: 131072",0.0,0,0.0,0,0.0,0.0,
fsrcnn_8layer_2026-01-30T23:09:38.357496,fsrcnn,8layer,full,8,thesis_arch,128,512,8,64,True,,15721.503016175193,29281254.545454547,683808.0882756159,"(14878941192, 4721068800)",0.2373046875,2.324949264526367,DRAM[Q15 P540 X615 Y6540 X515 Y5540 X415 Y4540 X315 Y3540 X215 Y2540 X115 Y1540 X015 Y0540 C01 R01 S01 Z01 C11 R11 S11 Z11 C21 R21 S21 Z21 C31 R31 S31 Z31 C41 R41 S41 Z41 C51 R51 S51 Z51 C61 R61 S61 Z61 C71 R71 S71 Z71] FeatureMemory[C01 Y01 X01 R01 S01 Z01 C11 R11 S11 Y11 X11 Z11 C21 R21 S21 Y21 X21 Z21 C31 R31 S31 Y31 X31 Z31 C41 R41 S41 Y41 X41 Z41 C51 R51 S51 Y51 X51 Z51 C61 R61 S61 Y61 X61 Z61 C71 R71 S71 P1 Q1 Z71] WeightMemory[Z72 C756 R73 S73 Z67 C612 R61 S61 Z52 C512 R53 S53 Z42 C412 R43 S43 Z32 C312 R33 S33 Z22 C212 R23 S23 Z12 C156 R11 S11 Z07 C03 R05 S05 Y01 X01 Y11 X11 Y21 X21 Y31 X31 Y41 X41 Y51 X51 Y61 X61 P1 Q1] SACols_7[Q64] SARows_7[Z78] SACols_6[X664] SARows_6[Z68] SACols_5[X564] SARows_5[Z56] SACols_4[X464] SARows_4[Z46] SACols_3[X364] SARows_3[Z36] SACols_2[X264] SARows_2[Z26] SACols_1[X164] SARows_1[Z16] SACols_0[X064] SARows_0[Z08] WeightRegister[C71 R71 S71 C61 R61 S61 C51 R51 S51 C41 R41 S41 C31 R31 S31 C21 R21 S21 C11 R11 S11 C01 R01 S01 Y01 X01 Z01 Y11 X11 Z11 Y21 X21 Z21 Y31 X31 Z31 Y41 X41 Z41 Y51 X51 Z51 Y61 X61 Z61 P1 Q1 Z71] AccumulationIntermediateOutputRegister[Z61 Y61 X61 Z51 Y51 X51 Z41 Y41 X41 Z31 Y31 X31 Z21 Y21 X21 Z11 Y11 X11 Z01 Y01 X01 C01 R01 S01 C11 R11 S11 C21 R21 S21 C31 R31 S31 C41 R41 S41 C51 R51 S51 C61 R61 S61 C71 R71 S71 P1 Q1 Z71] AccumulationOutputRegister[Q1 P1 Z71 C01 Y01 X01 R01 S01 Z01 C11 R11 S11 Y11 X11 Z11 C21 R21 S21 Y21 X21 Z21 C31 R31 S31 Y31 X31 Z31 C41 R41 S41 Y41 X41 Z41 C51 R51 S51 Y51 X51 Z51 C61 R61 S61 Y61 X61 Z61 C71 R71 S71] Compute] 
fsrcnn_8layer_2026-01-30T23:09:42.497120,fsrcnn,8layer,full,8,thesis_arch,128,512,16,128,True,,16393.83896089279,34335556.36363636,824926.7367179029,"(15155753832, 5185555200)",0.10841581382647902,2.3972482681274414,DRAM[Q8 P540 X68 Y6540 X58 Y5540 X48 Y4540 X38 Y3540 X28 Y2540 X18 Y1540 X08 Y0540 C01 R01 S01 Z01 C11 R11 S11 Z11 C21 R21 S21 Z21 C31 R31 S31 Z31 C41 R41 S41 Z41 C51 R51 S51 Z51 C61 R61 S61 Z61 C71 R71 S71 Z71] FeatureMemory[C01 Y01 X01 R01 S01 Z01 C11 R11 S11 Y11 X11 Z11 C21 R21 S21 Y21 X21 Z21 C31 R31 S31 Y31 X31 Z31 C41 R41 S41 Y41 X41 Z41 C51 R51 S51 Y51 X51 Z51 C61 R61 S61 Y61 X61 Z61 C71 R71 S71 P1 Q1 Z71] WeightMemory[Z71 C756 R73 S73 Z64 C612 R61 S61 Z51 C512 R53 S53 Z41 C412 R43 S43 Z31 C312 R33 S33 Z21 C212 R23 S23 Z11 C156 R11 S11 Z04 C03 R05 S05 Y01 X01 Y11 X11 Y21 X21 Y31 X31 Y41 X41 Y51 X51 Y61 X61 P1 Q1] SACols_7[Q120] SARows_7[Z716] SACols_6[X6120] SARows_6[Z614] SACols_5[X5120] SARows_5[Z512] SACols_4[X4120] SARows_4[Z412] SACols_3[X3120] SARows_3[Z312] SACols_2[X2120] SARows_2[Z212] SACols_1[X1120] SARows_1[Z112] SACols_0[X0120] SARows_0[Z014] WeightRegister[C71 R71 S71 C61 R61 S61 C51 R51 S51 C41 R41 S41 C31 R31 S31 C21 R21 S21 C11 R11 S11 C01 R01 S01 Y01 X01 Z01 Y11 X11 Z11 Y21 X21 Z21 Y31 X31 Z31 Y41 X41 Z41 Y51 X51 Z51 Y61 X61 Z61 P1 Q1 Z71] AccumulationIntermediateOutputRegister[Z61 Y61 X61 Z51 Y51 X51 Z41 Y41 X41 Z31 Y31 X31 Z21 Y21 X21 Z11 Y11 X11 Z01 Y01 X01 C01 R01 S01 C11 R11 S11 C21 R21 S21 C31 R31 S31 C41 R41 S41 C51 R51 S51 C61 R61 S61 C71 R71 S71 P1 Q1 Z71] AccumulationOutputRegister[Q1 P1 Z71 C01 Y01 X01 R01 S01 Z01 C11 R11 S11 Y11 X11 Z11 C21 R21 S21 Y21 X21 Z21 C31 R31 S31 Y31 X31 Z31 C41 R41 S41 Y41 X41 Z41 C51 R51 S51 Y51 X51 Z51 C61 R61 S61 Y61 X61 Z61 C71 R71 S71] Compute] 
fsrcnn_8layer_2026-01-30T23:09:47.235978,fsrcnn,8layer,full,8,thesis_arch,128,512,32,256,False,"Ill-posed constraints:
CONSTRAINTS VIOLATION: Arch: Thesis_8Layers_131072KB_FMEM_32x256_PEs -> Level: FeatureMemory: memory footprint: 143485 VS memory available: 131072",0.0,0,0.0,0,0.0,0.0,
fsrcnn_8layer_2026-01-30T23:09:50.822715,fsrcnn,8layer,full,8,thesis_arch,128,1024,8,64,True,,19195.0348532752,29281254.545454547,885662.261706708,"(14878941192, 4721068800)",0.2373046875,3.5359139442443848,DRAM[Q15 P540 X615 Y6540 X515 Y5540 X415 Y4540 X315 Y3540 X215 Y2540 X115 Y1540 X015 Y0540 C01 R01 S01 Z01 C11 R11 S11 Z11 C21 R21 S21 Z21 C31 R31 S31 Z31 C41 R41 S41 Z41 C51 R51 S51 Z51 C61 R61 S61 Z61 C71 R71 S71 Z71] FeatureMemory[C01 Y01 X01 R01 S01 Z01 C11 R11 S11 Y11 X11 Z11 C21 R21 S21 Y21 X21 Z21 C31 R31 S31 Y31 X31 Z31 C41 R41 S41 Y41 X41 Z41 C51 R51 S51 Y51 X51 Z51 C61 R61 S61 Y61 X61 Z61 C71 R71 S71 P1 Q1 Z71] WeightMemory[Z72 C756 R73 S73 Z67 C612 R61 S61 Z52 C512 R53 S53 Z42 C412 R43 S43 Z32 C312 R33 S33 Z22 C212 R23 S23 Z12 C156 R11 S11 Z07 C03 R05 S05 Y01 X01 Y11 X11 Y21 X21 Y31 X31 Y41 X41 Y51 X51 Y61 X61 P1 Q1] SACols_7[Q64] SARows_7[Z78] SACols_6[X664] SARows_6[Z68] SACols_5[X564] SARows_5[Z56] SACols_4[X464] SARows_4[Z46] SACols_3[X364] SARows_3[Z36] SACols_2[X264] SARows_2[Z26] SACols_1[X164] SARows_1[Z16] SACols_0[X064] SARows_0[Z08] WeightRegister[C71 R71 S71 C61 R61 S61 C51 R51 S51 C41 R41 S41 C31 R31 S31 C21 R21 S21 C11 R11 S11 C01 R01 S01 Y01 X01 Z01 Y11 X11 Z11 Y21 X21 Z21 Y31 X31 Z31 Y41 X41 Z41 Y51 X51 Z51 Y61 X61 Z61 P1 Q1 Z71] AccumulationIntermediateOutputRegister[Z61 Y61 X61 Z51 Y51 X51 Z41 Y41 X41 Z31 Y31 X31 Z21 Y21 X21 Z11 Y11 X11 Z01 Y01 X01 C01 R01 S01 C11 R11 S11 C21 R21 S21 C31 R31 S31 C41 R41 S41 C51 R51 S51 C61 R61 S61 C71 R71 S71 P1 Q1 Z71] AccumulationOutputRegister[Q1 P1 Z71 C01 Y01 X01 R01 S01 Z01 C11 R11 S11 Y11 X11 Z11 C21 R21 S21 Y21 X21 Z21 C31 R31 S31 Y31 X31 Z31 C41 R41 S41 Y41 X41 Z41 C51 R51 S51 Y51 X51 Z51 C61 R61 S61 Y61 X61 Z61 C71 R71 S71] Compute] 
fsrcnn_8layer_2026-01-30T23:09:57.147495,fsrcnn,8layer,full,8,thesis_arch,128,1024,16,128,True,,19842.432620700798,34335556.36363636,1060767.1372728513,"(15155753832, 5185555200)",0.10841581382647902,2.911159038543701,DRAM[Q8 P540 X68 Y6540 X58 Y5540 X48 Y4540 X38 Y3540 X28 Y2540 X18 Y1540 X08 Y0540 C01 R01 S01 Z01 C11 R11 S11 Z11 C21 R21 S21 Z21 C31 R31 S31 Z31 C41 R41 S41 Z41 C51 R51 S51 Z51 C61 R61 S61 Z61 C71 R71 S71 Z71] FeatureMemory[C01 Y01 X01 R01 S01 Z01 C11 R11 S11 Y11 X11 Z11 C21 R21 S21 Y21 X21 Z21 C31 R31 S31 Y31 X31 Z31 C41 R41 S41 Y41 X41 Z41 C51 R51 S51 Y51 X51 Z51 C61 R61 S61 Y61 X61 Z61 C71 R71 S71 P1 Q1 Z71] WeightMemory[Z71 C756 R73 S73 Z64 C612 R61 S61 Z51 C512 R53 S53 Z41 C412 R43 S43 Z31 C312 R33 S33 Z21 C212 R23 S23 Z11 C156 R11 S11 Z04 C03 R05 S05 Y01 X01 Y11 X11 Y21 X21 Y31 X31 Y41 X41 Y51 X51 Y61 X61 P1 Q1] SACols_7[Q120] SARows_7[Z716] SACols_6[X6120] SARows_6[Z614] SACols_5[X5120] SARows_5[Z512] SACols_4[X4120] SARows_4[Z412] SACols_3[X3120] SARows_3[Z312] SACols_2[X2120] SARows_2[Z212] SACols_1[X1120] SARows_1[Z112] SACols_0[X0120] SARows_0[Z014] WeightRegister[C71 R71 S71 C61 R61 S61 C51 R51 S51 C41 R41 S41 C31 R31 S31 C21 R21 S21 C11 R11 S11 C01 R01 S01 Y01 X01 Z01 Y11 X11 Z11 Y21 X21 Z21 Y31 X31 Z31 Y41 X41 Z41 Y51 X51 Z51 Y61 X61 Z61 P1 Q1 Z71] AccumulationIntermediateOutputRegister[Z61 Y61 X61 Z51 Y51 X51 Z41 Y41 X41 Z31 Y31 X31 Z21 Y21 X21 Z11 Y11 X11 Z01 Y01 X01 C01 R01 S01 C11 R11 S11 C21 R21 S21 C31 R31 S31 C41 R41 S41 C51 R51 S51 C61 R61 S61 C71 R71 S71 P1 Q1 Z71] AccumulationOutputRegister[Q1 P1 Z71 C01 Y01 X01 R01 S01 Z01 C11 R11 S11 Y11 X11 Z11 C21 R21 S21 Y21 X21 Z21 C31 R31 S31 Y31 X31 Z31 C41 R41 S41 Y41 X41 Z41 C51 R51 S51 Y51 X51 Z51 C61 R61 S61 Y61 X61 Z61 C71 R71 S71] Compute] 
fsrcnn_8layer_2026-01-30T23:10:03.140561,fsrcnn,8layer,full,8,thesis_arch,128,1024,32,256,False,"Ill-posed constraints:
CONSTRAINTS VIOLATION: Arch: Thesis_8Layers_131072KB_FMEM_32x256_PEs -> Level: FeatureMemory: memory footprint: 143485 VS memory available: 131072",0.0,0,0.0,0,0.0,0.0,
fsrcnn_8layer_2026-01-30T23:10:05.179616,fsrcnn,8layer,full,8,thesis_arch,256,256,8,64,True,,14087.99735981019,29281254.545454547,583039.5930184773,"(14878941192, 4721068800)",0.2373046875,3.433959722518921,DRAM[Q15 P540 X615 Y6540 X515 Y5540 X415 Y4540 X315 Y3540 X215 Y2540 X115 Y1540 X015 Y0540 C01 R01 S01 Z01 C11 R11 S11 Z11 C21 R21 S21 Z21 C31 R31 S31 Z31 C41 R41 S41 Z41 C51 R51 S51 Z51 C61 R61 S61 Z61 C71 R71 S71 Z71] FeatureMemory[C01 Y01 X01 R01 S01 Z01 C11 R11 S11 Y11 X11 Z11 C21 R21 S21 Y21 X21 Z21 C31 R31 S31 Y31 X31 Z31 C41 R41 S41 Y41 X41 Z41 C51 R51 S51 Y51 X51 Z51 C61 R61 S61 Y61 X61 Z61 C71 R71 S71 P1 Q1 Z71] WeightMemory[Z72 C756 R73 S73 Z67 C612 R61 S61 Z52 C512 R53 S53 Z42 C412 R43 S43 Z32 C312 R33 S33 Z22 C212 R23 S23 Z12 C156 R11 S11 Z07 C03 R05 S05 Y01 X01 Y11 X11 Y21 X21 Y31 X31 Y41 X41 Y51 X51 Y61 X61 P1 Q1] SACols_7[Q64] SARows_7[Z78] SACols_6[X664] SARows_6[Z68] SACols_5[X564] SARows_5[Z56] SACols_4[X464] SARows_4[Z46] SACols_3[X364] SARows_3[Z36] SACols_2[X264] SARows_2[Z26] SACols_1[X164] SARows_1[Z16] SACols_0[X064] SARows_0[Z08] WeightRegister[C71 R71 S71 C61 R61 S61 C51 R51 S51 C41 R41 S41 C31 R31 S31 C21 R21 S21 C11 R11 S11 C01 R01 S01 Y01 X01 Z01 Y11 X11 Z11 Y21 X21 Z21 Y31 X31 Z31 Y41 X41 Z41 Y51 X51 Z51 Y61 X61 Z61 P1 Q1 Z71] AccumulationIntermediateOutputRegister[Z61 Y61 X61 Z51 Y51 X51 Z41 Y41 X41 Z31 Y31 X31 Z21 Y21 X21 Z11 Y11 X11 Z01 Y01 X01 C01 R01 S01 C11 R11 S11 C21 R21 S21 C31 R31 S31 C41 R41 S41 C51 R51 S51 C61 R61 S61 C71 R71 S71 P1 Q1 Z71] AccumulationOutputRegister[Q1 P1 Z71 C01 Y01 X01 R01 S01 Z01 C11 R11 S11 Y11 X11 Z11 C21 R21 S21 Y21 X21 Z21 C31 R31 S31 Y31 X31 Z31 C41 R41 S41 Y41 X41 Z41 C51 R51 S51 Y51 X51 Z51 C61 R61 S61 Y61 X61 Z61 C71 R71 S71] Compute] 
fsrcnn_8layer_2026-01-30T23:10:10.260210,fsrcnn,8layer,full,8,thesis_arch,256,256,16,128,True,,14840.95409274079,34335556.36363636,709532.5292414166,"(15155753832, 5185555200)",0.10841581382647902,4.553676605224609,DRAM[Q8 P540 X68 Y6540 X58 Y5540 X48 Y4540 X38 Y3540 X28 Y2540 X18 Y1540 X08 Y0540 C01 R01 S01 Z01 C11 R11 S11 Z11 C21 R21 S21 Z21 C31 R31 S31 Z31 C41 R41 S41 Z41 C51 R51 S51 Z51 C61 R61 S61 Z61 C71 R71 S71 Z71] FeatureMemory[C01 Y01 X01 R01 S01 Z01 C11 R11 S11 Y11 X11 Z11 C21 R21 S21 Y21 X21 Z21 C31 R31 S31 Y31 X31 Z31 C41 R41 S41 Y41 X41 Z41 C51 R51 S51 Y51 X51 Z51 C61 R61 S61 Y61 X61 Z61 C71 R71 S71 P1 Q1 Z71] WeightMemory[Z71 C756 R73 S73 Z64 C612 R61 S61 Z51 C512 R53 S53 Z41 C412 R43 S43 Z31 C312 R33 S33 Z21 C212 R23 S23 Z11 C156 R11 S11 Z04 C03 R05 S05 Y01 X01 Y11 X11 Y21 X21 Y31 X31 Y41 X41 Y51 X51 Y61 X61 P1 Q1] SACols_7[Q120] SARows_7[Z716] SACols_6[X6120] SARows_6[Z614] SACols_5[X5120] SARows_5[Z512] SACols_4[X4120] SARows_4[Z412] SACols_3[X3120] SARows_3[Z312] SACols_2[X2120] SARows_2[Z212] SACols_1[X1120] SARows_1[Z112] SACols_0[X0120] SARows_0[Z014] WeightRegister[C71 R71 S71 C61 R61 S61 C51 R51 S51 C41 R41 S41 C31 R31 S31 C21 R21 S21 C11 R11 S11 C01 R01 S01 Y01 X01 Z01 Y11 X11 Z11 Y21 X21 Z21 Y31 X31 Z31 Y41 X41 Z41 Y51 X51 Z51 Y61 X61 Z61 P1 Q1 Z71] AccumulationIntermediateOutputRegister[Z61 Y61 X61 Z51 Y51 X51 Z41 Y41 X41 Z31 Y31 X31 Z21 Y21 X21 Z11 Y11 X11 Z01 Y01 X01 C01 R01 S01 C11 R11 S11 C21 R21 S21 C31 R31 S31 C41 R41 S41 C51 R51 S51 C61 R61 S61 C71 R71 S71 P1 Q1 Z71] AccumulationOutputRegister[Q1 P1 Z71 C01 Y01 X01 R01 S01 Z01 C11 R11 S11 Y11 X11 Z11 C21 R21 S21 Y21 X21 Z21 C31 R31 S31 Y31 X31 Z31 C41 R41 S41 Y41 X41 Z41 C51 R51 S51 Y51 X51 Z51 C61 R61 S61 Y61 X61 Z61 C71 R71 S71] Compute] 
fsrcnn_8layer_2026-01-30T23:10:16.832328,fsrcnn,8layer,full,8,thesis_arch,256,256,32,256,True,,16972.38986581505,64431400.9090909,1468784.256579695,"(16032731112, 6180883200)",0.0016939970910387347,6.591785907745361,DRAM[Q4 P540 X64 Y6540 X54 Y5540 X44 Y4540 X34 Y3540 X24 Y2540 X14 Y1540 X04 Y0540 C01 R01 S01 Z01 C11 R11 S11 Z11 C21 R21 S21 Z21 C31 R31 S31 Z31 C41 R41 S41 Z41 C51 R51 S51 Z51 C61 R61 S61 Z61 C71 R71 S71 Z71] FeatureMemory[C01 Y01 X01 R01 S01 Z01 C11 R11 S11 Y11 X11 Z11 C21 R21 S21 Y21 X21 Z21 C31 R31 S31 Y31 X31 Z31 C41 R41 S41 Y41 X41 Z41 C51 R51 S51 Y51 X51 Z51 C61 R61 S61 Y61 X61 Z61 C71 R71 S71 P1 Q1 Z71] WeightMemory[Z71 C756 R73 S73 Z62 C612 R61 S61 Z51 C512 R53 S53 Z41 C412 R43 S43 Z31 C312 R33 S33 Z21 C212 R23 S23 Z11 C156 R11 S11 Z02 C03 R05 S05 Y01 X01 Y11 X11 Y21 X21 Y31 X31 Y41 X41 Y51 X51 Y61 X61 P1 Q1] SACols_7[Q240] SARows_7[Z716] SACols_6[X6240] SARows_6[Z628] SACols_5[X5240] SARows_5[Z512] SACols_4[X4240] SARows_4[Z412] SACols_3[X3240] SARows_3[Z312] SACols_2[X2240] SARows_2[Z212] SACols_1[X1240] SARows_1[Z112] SACols_0[X0240] SARows_0[Z028] WeightRegister[C71 R71 S71 C61 R61 S61 C51 R51 S51 C41 R41 S41 C31 R31 S31 C21 R21 S21 C11 R11 S11 C01 R01 S01 Y01 X01 Z01 Y11 X11 Z11 Y21 X21 Z21 Y31 X31 Z31 Y41 X41 Z41 Y51 X51 Z51 Y61 X61 Z61 P1 Q1 Z71] AccumulationIntermediateOutputRegister[Z61 Y61 X61 Z51 Y51 X51 Z41 Y41 X41 Z31 Y31 X31 Z21 Y21 X21 Z11 Y11 X11 Z01 Y01 X01 C01 R01 S01 C11 R11 S11 C21 R21 S21 C31 R31 S31 C41 R41 S41 C51 R51 S51 C61 R61 S61 C71 R71 S71 P1 Q1 Z71] AccumulationOutputRegister[Q1 P1 Z71 C01 Y01 X01 R01 S01 Z01 C11 R11 S11 Y11 X11 Z11 C21 R21 S21 Y21 X21 Z21 C31 R31 S31 Y31 X31 Z31 C41 R41 S41 Y41 X41 Z41 C51 R51 S51 Y51 X51 Z51 C61 R61 S61 Y61 X61 Z61 C71 R71 S71] Compute] 
fsrcnn_8layer_2026-01-30T23:10:26.128888,fsrcnn,8layer,full,8,thesis_arch,256,512,8,64,True,,15924.136020335192,29281254.545454547,689741.4368497352,"(14878941192, 4721068800)",0.2373046875,4.778509616851807,DRAM[Q15 P540 X615 Y6540 X515 Y5540 X415 Y4540 X315 Y3540 X215 Y2540 X115 Y1540 X015 Y0540 C01 R01 S01 Z01 C11 R11 S11 Z11 C21 R21 S21 Z21 C31 R31 S31 Z31 C41 R41 S41 Z41 C51 R51 S51 Z51 C61 R61 S61 Z61 C71 R71 S71 Z71] FeatureMemory[C01 Y01 X01 R01 S01 Z01 C11 R11 S11 Y11 X11 Z11 C21 R21 S21 Y21 X21 Z21 C31 R31 S31 Y31 X31 Z31 C41 R41 S41 Y41 X41 Z41 C51 R51 S51 Y51 X51 Z51 C61 R61 S61 Y61 X61 Z61 C71 R71 S71 P1 Q1 Z71] WeightMemory[Z72 C756 R73 S73 Z67 C612 R61 S61 Z52 C512 R53 S53 Z42 C412 R43 S43 Z32 C312 R33 S33 Z22 C212 R23 S23 Z12 C156 R11 S11 Z07 C03 R05 S05 Y01 X01 Y11 X11 Y21 X21 Y31 X31 Y41 X41 Y51 X51 Y61 X61 P1 Q1] SACols_7[Q64] SARows_7[Z78] SACols_6[X664] SARows_6[Z68] SACols_5[X564] SARows_5[Z56] SACols_4[X464] SARows_4[Z46] SACols_3[X364] SARows_3[Z36] SACols_2[X264] SARows_2[Z26] SACols_1[X164] SARows_1[Z16] SACols_0[X064] SARows_0[Z08] WeightRegister[C71 R71 S71 C61 R61 S61 C51 R51 S51 C41 R41 S41 C31 R31 S31 C21 R21 S21 C11 R11 S11 C01 R01 S01 Y01 X01 Z01 Y11 X11 Z11 Y21 X21 Z21 Y31 X31 Z31 Y41 X41 Z41 Y51 X51 Z51 Y61 X61 Z61 P1 Q1 Z71] AccumulationIntermediateOutputRegister[Z61 Y61 X61 Z51 Y51 X51 Z41 Y41 X41 Z31 Y31 X31 Z21 Y21 X21 Z11 Y11 X11 Z01 Y01 X01 C01 R01 S01 C11 R11 S11 C21 R21 S21 C31 R31 S31 C41 R41 S41 C51 R51 S51 C61 R61 S61 C71 R71 S71 P1 Q1 Z71] AccumulationOutputRegister[Q1 P1 Z71 C01 Y01 X01 R01 S01 Z01 C11 R11 S11 Y11 X11 Z11 C21 R21 S21 Y21 X21 Z21 C31 R31 S31 Y31 X31 Z31 C41 R41 S41 Y41 X41 Z41 C51 R51 S51 Y51 X51 Z51 C61 R61 S61 Y61 X61 Z61 C71 R71 S71] Compute] 
fsrcnn_8layer_2026-01-30T23:10:33.970866,fsrcnn,8layer,full,8,thesis_arch,256,512,16,128,True,,16663.91021929279,34335556.36363636,834199.7836328943,"(15155753832, 5185555200)",0.10841581382647902,5.268965244293213,DRAM[Q8 P540 X68 Y6540 X58 Y5540 X48 Y4540 X38 Y3540 X28 Y2540 X18 Y1540 X08 Y0540 C01 R01 S01 Z01 C11 R11 S11 Z11 C21 R21 S21 Z21 C31 R31 S31 Z31 C41 R41 S41 Z41 C51 R51 S51 Z51 C61 R61 S61 Z61 C71 R71 S71 Z71] FeatureMemory[C01 Y01 X01 R01 S01 Z01 C11 R11 S11 Y11 X11 Z11 C21 R21 S21 Y21 X21 Z21 C31 R31 S31 Y31 X31 Z31 C41 R41 S41 Y41 X41 Z41 C51 R51 S51 Y51 X51 Z51 C61 R61 S61 Y61 X61 Z61 C71 R71 S71 P1 Q1 Z71] WeightMemory[Z71 C756 R73 S73 Z64 C612 R61 S61 Z51 C512 R53 S53 Z41 C412 R43 S43 Z31 C312 R33 S33 Z21 C212 R23 S23 Z11 C156 R11 S11 Z04 C03 R05 S05 Y01 X01 Y11 X11 Y21 X21 Y31 X31 Y41 X41 Y51 X51 Y61 X61 P1 Q1] SACols_7[Q120] SARows_7[Z716] SACols_6[X6120] SARows_6[Z614] SACols_5[X5120] SARows_5[Z512] SACols_4[X4120] SARows_4[Z412] SACols_3[X3120] SARows_3[Z312] SACols_2[X2120] SARows_2[Z212] SACols_1[X1120] SARows_1[Z112] SACols_0[X0120] SARows_0[Z014] WeightRegister[C71 R71 S71 C61 R61 S61 C51 R51 S51 C41 R41 S41 C31 R31 S31 C21 R21 S21 C11 R11 S11 C01 R01 S01 Y01 X01 Z01 Y11 X11 Z11 Y21 X21 Z21 Y31 X31 Z31 Y41 X41 Z41 Y51 X51 Z51 Y61 X61 Z61 P1 Q1 Z71] AccumulationIntermediateOutputRegister[Z61 Y61 X61 Z51 Y51 X51 Z41 Y41 X41 Z31 Y31 X31 Z21 Y21 X21 Z11 Y11 X11 Z01 Y01 X01 C01 R01 S01 C11 R11 S11 C21 R21 S21 C31 R31 S31 C41 R41 S41 C51 R51 S51 C61 R61 S61 C71 R71 S71 P1 Q1 Z71] AccumulationOutputRegister[Q1 P1 Z71 C01 Y01 X01 R01 S01 Z01 C11 R11 S11 Y11 X11 Z11 C21 R21 S21 Y21 X21 Z21 C31 R31 S31 Y31 X31 Z31 C41 R41 S41 Y41 X41 Z41 C51 R51 S51 Y51 X51 Z51 C61 R61 S61 Y61 X61 Z61 C71 R71 S71] Compute] 
fsrcnn_8layer_2026-01-30T23:10:42.321423,fsrcnn,8layer,full,8,thesis_arch,256,512,32,256,True,,18787.813115811055,64431400.9090909,1702239.6539714998,"(16032731112, 6180883200)",0.0016939970910387347,4.937222957611084,DRAM[Q4 P540 X64 Y6540 X54 Y5540 X44 Y4540 X34 Y3540 X24 Y2540 X14 Y1540 X04 Y0540 C01 R01 S01 Z01 C11 R11 S11 Z11 C21 R21 S21 Z21 C31 R31 S31 Z31 C41 R41 S41 Z41 C51 R51 S51 Z51 C61 R61 S61 Z61 C71 R71 S71 Z71] FeatureMemory[C01 Y01 X01 R01 S01 Z01 C11 R11 S11 Y11 X11 Z11 C21 R21 S21 Y21 X21 Z21 C31 R31 S31 Y31 X31 Z31 C41 R41 S41 Y41 X41 Z41 C51 R51 S51 Y51 X51 Z51 C61 R61 S61 Y61 X61 Z61 C71 R71 S71 P1 Q1 Z71] WeightMemory[Z71 C756 R73 S73 Z62 C612 R61 S61 Z51 C512 R53 S53 Z41 C412 R43 S43 Z31 C312 R33 S33 Z21 C212 R23 S23 Z11 C156 R11 S11 Z02 C03 R05 S05 Y01 X01 Y11 X11 Y21 X21 Y31 X31 Y41 X41 Y51 X51 Y61 X61 P1 Q1] SACols_7[Q240] SARows_7[Z716] SACols_6[X6240] SARows_6[Z628] SACols_5[X5240] SARows_5[Z512] SACols_4[X4240] SARows_4[Z412] SACols_3[X3240] SARows_3[Z312] SACols_2[X2240] SARows_2[Z212] SACols_1[X1240] SARows_1[Z112] SACols_0[X0240] SARows_0[Z028] WeightRegister[C71 R71 S71 C61 R61 S61 C51 R51 S51 C41 R41 S41 C31 R31 S31 C21 R21 S21 C11 R11 S11 C01 R01 S01 Y01 X01 Z01 Y11 X11 Z11 Y21 X21 Z21 Y31 X31 Z31 Y41 X41 Z41 Y51 X51 Z51 Y61 X61 Z61 P1 Q1 Z71] AccumulationIntermediateOutputRegister[Z61 Y61 X61 Z51 Y51 X51 Z41 Y41 X41 Z31 Y31 X31 Z21 Y21 X21 Z11 Y11 X11 Z01 Y01 X01 C01 R01 S01 C11 R11 S11 C21 R21 S21 C31 R31 S31 C41 R41 S41 C51 R51 S51 C61 R61 S61 C71 R71 S71 P1 Q1 Z71] AccumulationOutputRegister[Q1 P1 Z71 C01 Y01 X01 R01 S01 Z01 C11 R11 S11 Y11 X11 Z11 C21 R21 S21 Y21 X21 Z21 C31 R31 S31 Y31 X31 Z31 C41 R41 S41 Y41 X41 Z41 C51 R51 S51 Y51 X51 Z51 C61 R61 S61 Y61 X61 Z61 C71 R71 S71] Compute] 
fsrcnn_8layer_2026-01-30T23:10:51.026509,fsrcnn,8layer,full,8,thesis_arch,256,1024,8,64,True,,19397.667857435194,29281254.545454547,891595.610280827,"(14878941192, 4721068800)",0.2373046875,4.968188762664795,DRAM[Q15 P540 X615 Y6540 X515 Y5540 X415 Y4540 X315 Y3540 X215 Y2540 X115 Y1540 X015 Y0540 C01 R01 S01 Z01 C11 R11 S11 Z11 C21 R21 S21 Z21 C31 R31 S31 Z31 C41 R41 S41 Z41 C51 R51 S51 Z51 C61 R61 S61 Z61 C71 R71 S71 Z71] FeatureMemory[C01 Y01 X01 R01 S01 Z01 C11 R11 S11 Y11 X11 Z11 C21 R21 S21 Y21 X21 Z21 C31 R31 S31 Y31 X31 Z31 C41 R41 S41 Y41 X41 Z41 C51 R51 S51 Y51 X51 Z51 C61 R61 S61 Y61 X61 Z61 C71 R71 S71 P1 Q1 Z71] WeightMemory[Z72 C756 R73 S73 Z67 C612 R61 S61 Z52 C512 R53 S53 Z42 C412 R43 S43 Z32 C312 R33 S33 Z22 C212 R23 S23 Z12 C156 R11 S11 Z07 C03 R05 S05 Y01 X01 Y11 X11 Y21 X21 Y31 X31 Y41 X41 Y51 X51 Y61 X61 P1 Q1] SACols_7[Q64] SARows_7[Z78] SACols_6[X664] SARows_6[Z68] SACols_5[X564] SARows_5[Z56] SACols_4[X464] SARows_4[Z46] SACols_3[X364] SARows_3[Z36] SACols_2[X264] SARows_2[Z26] SACols_1[X164] SARows_1[Z16] SACols_0[X064] SARows_0[Z08] WeightRegister[C71 R71 S71 C61 R61 S61 C51 R51 S51 C41 R41 S41 C31 R31 S31 C21 R21 S21 C11 R11 S11 C01 R01 S01 Y01 X01 Z01 Y11 X11 Z11 Y21 X21 Z21 Y31 X31 Z31 Y41 X41 Z41 Y51 X51 Z51 Y61 X61 Z61 P1 Q1 Z71] AccumulationIntermediateOutputRegister[Z61 Y61 X61 Z51 Y51 X51 Z41 Y41 X41 Z31 Y31 X31 Z21 Y21 X21 Z11 Y11 X11 Z01 Y01 X01 C01 R01 S01 C11 R11 S11 C21 R21 S21 C31 R31 S31 C41 R41 S41 C51 R51 S51 C61 R61 S61 C71 R71 S71 P1 Q1 Z71] AccumulationOutputRegister[Q1 P1 Z71 C01 Y01 X01 R01 S01 Z01 C11 R11 S11 Y11 X11 Z11 C21 R21 S21 Y21 X21 Z21 C31 R31 S31 Y31 X31 Z31 C41 R41 S41 Y41 X41 Z41 C51 R51 S51 Y51 X51 Z51 C61 R61 S61 Y61 X61 Z61 C71 R71 S71] Compute] 
fsrcnn_8layer_2026-01-30T23:11:00.096923,fsrcnn,8layer,full,8,thesis_arch,256,1024,16,128,True,,20112.503879100797,34335556.36363636,1070040.184187843,"(15155753832, 5185555200)",0.10841581382647902,5.9684898853302,DRAM[Q8 P540 X68 Y6540 X58 Y5540 X48 Y4540 X38 Y3540 X28 Y2540 X18 Y1540 X08 Y0540 C01 R01 S01 Z01 C11 R11 S11 Z11 C21 R21 S21 Z21 C31 R31 S31 Z31 C41 R41 S41 Z41 C51 R51 S51 Z51 C61 R61 S61 Z61 C71 R71 S71 Z71] FeatureMemory[C01 Y01 X01 R01 S01 Z01 C11 R11 S11 Y11 X11 Z11 C21 R21 S21 Y21 X21 Z21 C31 R31 S31 Y31 X31 Z31 C41 R41 S41 Y41 X41 Z41 C51 R51 S51 Y51 X51 Z51 C61 R61 S61 Y61 X61 Z61 C71 R71 S71 P1 Q1 Z71] WeightMemory[Z71 C756 R73 S73 Z64 C612 R61 S61 Z51 C512 R53 S53 Z41 C412 R43 S43 Z31 C312 R33 S33 Z21 C212 R23 S23 Z11 C156 R11 S11 Z04 C03 R05 S05 Y01 X01 Y11 X11 Y21 X21 Y31 X31 Y41 X41 Y51 X51 Y61 X61 P1 Q1] SACols_7[Q120] SARows_7[Z716] SACols_6[X6120] SARows_6[Z614] SACols_5[X5120] SARows_5[Z512] SACols_4[X4120] SARows_4[Z412] SACols_3[X3120] SARows_3[Z312] SACols_2[X2120] SARows_2[Z212] SACols_1[X1120] SARows_1[Z112] SACols_0[X0120] SARows_0[Z014] WeightRegister[C71 R71 S71 C61 R61 S61 C51 R51 S51 C41 R41 S41 C31 R31 S31 C21 R21 S21 C11 R11 S11 C01 R01 S01 Y01 X01 Z01 Y11 X11 Z11 Y21 X21 Z21 Y31 X31 Z31 Y41 X41 Z41 Y51 X51 Z51 Y61 X61 Z61 P1 Q1 Z71] AccumulationIntermediateOutputRegister[Z61 Y61 X61 Z51 Y51 X51 Z41 Y41 X41 Z31 Y31 X31 Z21 Y21 X21 Z11 Y11 X11 Z01 Y01 X01 C01 R01 S01 C11 R11 S11 C21 R21 S21 C31 R31 S31 C41 R41 S41 C51 R51 S51 C61 R61 S61 C71 R71 S71 P1 Q1 Z71] AccumulationOutputRegister[Q1 P1 Z71 C01 Y01 X01 R01 S01 Z01 C11 R11 S11 Y11 X11 Z11 C21 R21 S21 Y21 X21 Z21 C31 R31 S31 Y31 X31 Z31 C41 R41 S41 Y41 X41 Z41 C51 R51 S51 Y51 X51 Z51 C61 R61 S61 Y61 X61 Z61 C71 R71 S71] Compute] 
fsrcnn_8layer_2026-01-30T23:11:09.685433,fsrcnn,8layer,full,8,thesis_arch,256,1024,32,256,True,,22222.156388595053,64431400.9090909,2143881.0031882315,"(16032731112, 6180883200)",0.0016939970910387347,6.568135738372803,DRAM[Q4 P540 X64 Y6540 X54 Y5540 X44 Y4540 X34 Y3540 X24 Y2540 X14 Y1540 X04 Y0540 C01 R01 S01 Z01 C11 R11 S11 Z11 C21 R21 S21 Z21 C31 R31 S31 Z31 C41 R41 S41 Z41 C51 R51 S51 Z51 C61 R61 S61 Z61 C71 R71 S71 Z71] FeatureMemory[C01 Y01 X01 R01 S01 Z01 C11 R11 S11 Y11 X11 Z11 C21 R21 S21 Y21 X21 Z21 C31 R31 S31 Y31 X31 Z31 C41 R41 S41 Y41 X41 Z41 C51 R51 S51 Y51 X51 Z51 C61 R61 S61 Y61 X61 Z61 C71 R71 S71 P1 Q1 Z71] WeightMemory[Z71 C756 R73 S73 Z62 C612 R61 S61 Z51 C512 R53 S53 Z41 C412 R43 S43 Z31 C312 R33 S33 Z21 C212 R23 S23 Z11 C156 R11 S11 Z02 C03 R05 S05 Y01 X01 Y11 X11 Y21 X21 Y31 X31 Y41 X41 Y51 X51 Y61 X61 P1 Q1] SACols_7[Q240] SARows_7[Z716] SACols_6[X6240] SARows_6[Z628] SACols_5[X5240] SARows_5[Z512] SACols_4[X4240] SARows_4[Z412] SACols_3[X3240] SARows_3[Z312] SACols_2[X2240] SARows_2[Z212] SACols_1[X1240] SARows_1[Z112] SACols_0[X0240] SARows_0[Z028] WeightRegister[C71 R71 S71 C61 R61 S61 C51 R51 S51 C41 R41 S41 C31 R31 S31 C21 R21 S21 C11 R11 S11 C01 R01 S01 Y01 X01 Z01 Y11 X11 Z11 Y21 X21 Z21 Y31 X31 Z31 Y41 X41 Z41 Y51 X51 Z51 Y61 X61 Z61 P1 Q1 Z71] AccumulationIntermediateOutputRegister[Z61 Y61 X61 Z51 Y51 X51 Z41 Y41 X41 Z31 Y31 X31 Z21 Y21 X21 Z11 Y11 X11 Z01 Y01 X01 C01 R01 S01 C11 R11 S11 C21 R21 S21 C31 R31 S31 C41 R41 S41 C51 R51 S51 C61 R61 S61 C71 R71 S71 P1 Q1 Z71] AccumulationOutputRegister[Q1 P1 Z71 C01 Y01 X01 R01 S01 Z01 C11 R11 S11 Y11 X11 Z11 C21 R21 S21 Y21 X21 Z21 C31 R31 S31 Y31 X31 Z31 C41 R41 S41 Y41 X41 Z41 C51 R51 S51 Y51 X51 Z51 C61 R61 S61 Y61 X61 Z61 C71 R71 S71] Compute] 
fsrcnn_8layer_2026-01-30T23:11:21.361064,fsrcnn,8layer,full,8,thesis_arch,512,256,8,64,True,,14494.62769639201,29281254.545454547,594946.2394098332,"(14878941192, 4721068800)",0.2373046875,10.868663787841797,DRAM[Q15 P540 X615 Y6540 X515 Y5540 X415 Y4540 X315 Y3540 X215 Y2540 X115 Y1540 X015 Y0540 C01 R01 S01 Z01 C11 R11 S11 Z11 C21 R21 S21 Z21 C31 R31 S31 Z31 C41 R41 S41 Z41 C51 R51 S51 Z51 C61 R61 S61 Z61 C71 R71 S71 Z71] FeatureMemory[C01 Y01 X01 R01 S01 Z01 C11 R11 S11 Y11 X11 Z11 C21 R21 S21 Y21 X21 Z21 C31 R31 S31 Y31 X31 Z31 C41 R41 S41 Y41 X41 Z41 C51 R51 S51 Y51 X51 Z51 C61 R61 S61 Y61 X61 Z61 C71 R71 S71 P1 Q1 Z71] WeightMemory[Z72 C756 R73 S73 Z67 C612 R61 S61 Z52 C512 R53 S53 Z42 C412 R43 S43 Z32 C312 R33 S33 Z22 C212 R23 S23 Z12 C156 R11 S11 Z07 C03 R05 S05 Y01 X01 Y11 X11 Y21 X21 Y31 X31 Y41 X41 Y51 X51 Y61 X61 P1 Q1] SACols_7[Q64] SARows_7[Z78] SACols_6[X664] SARows_6[Z68] SACols_5[X564] SARows_5[Z56] SACols_4[X464] SARows_4[Z46] SACols_3[X364] SARows_3[Z36] SACols_2[X264] SARows_2[Z26] SACols_1[X164] SARows_1[Z16] SACols_0[X064] SARows_0[Z08] WeightRegister[C71 R71 S71 C61 R61 S61 C51 R51 S51 C41 R41 S41 C31 R31 S31 C21 R21 S21 C11 R11 S11 C01 R01 S01 Y01 X01 Z01 Y11 X11 Z11 Y21 X21 Z21 Y31 X31 Z31 Y41 X41 Z41 Y51 X51 Z51 Y61 X61 Z61 P1 Q1 Z71] AccumulationIntermediateOutputRegister[Z61 Y61 X61 Z51 Y51 X51 Z41 Y41 X41 Z31 Y31 X31 Z21 Y21 X21 Z11 Y11 X11 Z01 Y01 X01 C01 R01 S01 C11 R11 S11 C21 R21 S21 C31 R31 S31 C41 R41 S41 C51 R51 S51 C61 R61 S61 C71 R71 S71 P1 Q1 Z71] AccumulationOutputRegister[Q1 P1 Z71 C01 Y01 X01 R01 S01 Z01 C11 R11 S11 Y11 X11 Z11 C21 R21 S21 Y21 X21 Z21 C31 R31 S31 Y31 X31 Z31 C41 R41 S41 Y41 X41 Z41 C51 R51 S51 Y51 X51 Z51 C61 R61 S61 Y61 X61 Z61 C71 R71 S71] Compute] 
fsrcnn_8layer_2026-01-30T23:11:37.656344,fsrcnn,8layer,full,8,thesis_arch,512,256,16,128,True,,15382.91499964988,34335556.36363636,728141.0585074809,"(15155753832, 5185555200)",0.10841581382647902,8.439499139785767,DRAM[Q8 P540 X68 Y6540 X58 Y5540 X48 Y4540 X38 Y3540 X28 Y2540 X18 Y1540 X08 Y0540 C01 R01 S01 Z01 C11 R11 S11 Z11 C21 R21 S21 Z21 C31 R31 S31 Z31 C41 R41 S41 Z41 C51 R51 S51 Z51 C61 R61 S61 Z61 C71 R71 S71 Z71] FeatureMemory[C01 Y01 X01 R01 S01 Z01 C11 R11 S11 Y11 X11 Z11 C21 R21 S21 Y21 X21 Z21 C31 R31 S31 Y31 X31 Z31 C41 R41 S41 Y41 X41 Z41 C51 R51 S51 Y51 X51 Z51 C61 R61 S61 Y61 X61 Z61 C71 R71 S71 P1 Q1 Z71] WeightMemory[Z71 C756 R73 S73 Z64 C612 R61 S61 Z51 C512 R53 S53 Z41 C412 R43 S43 Z31 C312 R33 S33 Z21 C212 R23 S23 Z11 C156 R11 S11 Z04 C03 R05 S05 Y01 X01 Y11 X11 Y21 X21 Y31 X31 Y41 X41 Y51 X51 Y61 X61 P1 Q1] SACols_7[Q120] SARows_7[Z716] SACols_6[X6120] SARows_6[Z614] SACols_5[X5120] SARows_5[Z512] SACols_4[X4120] SARows_4[Z412] SACols_3[X3120] SARows_3[Z312] SACols_2[X2120] SARows_2[Z212] SACols_1[X1120] SARows_1[Z112] SACols_0[X0120] SARows_0[Z014] WeightRegister[C71 R71 S71 C61 R61 S61 C51 R51 S51 C41 R41 S41 C31 R31 S31 C21 R21 S21 C11 R11 S11 C01 R01 S01 Y01 X01 Z01 Y11 X11 Z11 Y21 X21 Z21 Y31 X31 Z31 Y41 X41 Z41 Y51 X51 Z51 Y61 X61 Z61 P1 Q1 Z71] AccumulationIntermediateOutputRegister[Z61 Y61 X61 Z51 Y51 X51 Z41 Y41 X41 Z31 Y31 X31 Z21 Y21 X21 Z11 Y11 X11 Z01 Y01 X01 C01 R01 S01 C11 R11 S11 C21 R21 S21 C31 R31 S31 C41 R41 S41 C51 R51 S51 C61 R61 S61 C71 R71 S71 P1 Q1 Z71] AccumulationOutputRegister[Q1 P1 Z71 C01 Y01 X01 R01 S01 Z01 C11 R11 S11 Y11 X11 Z11 C21 R21 S21 Y21 X21 Z21 C31 R31 S31 Y31 X31 Z31 C41 R41 S41 Y41 X41 Z41 C51 R51 S51 Y51 X51 Z51 C61 R61 S61 Y61 X61 Z61 C71 R71 S71] Compute] 
fsrcnn_8layer_2026-01-30T23:11:48.869926,fsrcnn,8layer,full,8,thesis_arch,512,256,32,256,True,,17950.125659415047,64431400.9090909,1531781.143480305,"(16032731112, 6180883200)",0.0016939970910387347,8.93660283088684,DRAM[Q4 P540 X64 Y6540 X54 Y5540 X44 Y4540 X34 Y3540 X24 Y2540 X14 Y1540 X04 Y0540 C01 R01 S01 Z01 C11 R11 S11 Z11 C21 R21 S21 Z21 C31 R31 S31 Z31 C41 R41 S41 Z41 C51 R51 S51 Z51 C61 R61 S61 Z61 C71 R71 S71 Z71] FeatureMemory[C01 Y01 X01 R01 S01 Z01 C11 R11 S11 Y11 X11 Z11 C21 R21 S21 Y21 X21 Z21 C31 R31 S31 Y31 X31 Z31 C41 R41 S41 Y41 X41 Z41 C51 R51 S51 Y51 X51 Z51 C61 R61 S61 Y61 X61 Z61 C71 R71 S71 P1 Q1 Z71] WeightMemory[Z71 C756 R73 S73 Z62 C612 R61 S61 Z51 C512 R53 S53 Z41 C412 R43 S43 Z31 C312 R33 S33 Z21 C212 R23 S23 Z11 C156 R11 S11 Z02 C03 R05 S05 Y01 X01 Y11 X11 Y21 X21 Y31 X31 Y41 X41 Y51 X51 Y61 X61 P1 Q1] SACols_7[Q240] SARows_7[Z716] SACols_6[X6240] SARows_6[Z628] SACols_5[X5240] SARows_5[Z512] SACols_4[X4240] SARows_4[Z412] SACols_3[X3240] SARows_3[Z312] SACols_2[X2240] SARows_2[Z212] SACols_1[X1240] SARows_1[Z112] SACols_0[X0240] SARows_0[Z028] WeightRegister[C71 R71 S71 C61 R61 S61 C51 R51 S51 C41 R41 S41 C31 R31 S31 C21 R21 S21 C11 R11 S11 C01 R01 S01 Y01 X01 Z01 Y11 X11 Z11 Y21 X21 Z21 Y31 X31 Z31 Y41 X41 Z41 Y51 X51 Z51 Y61 X61 Z61 P1 Q1 Z71] AccumulationIntermediateOutputRegister[Z61 Y61 X61 Z51 Y51 X51 Z41 Y41 X41 Z31 Y31 X31 Z21 Y21 X21 Z11 Y11 X11 Z01 Y01 X01 C01 R01 S01 C11 R11 S11 C21 R21 S21 C31 R31 S31 C41 R41 S41 C51 R51 S51 C61 R61 S61 C71 R71 S71 P1 Q1 Z71] AccumulationOutputRegister[Q1 P1 Z71 C01 Y01 X01 R01 S01 Z01 C11 R11 S11 Y11 X11 Z11 C21 R21 S21 Y21 X21 Z21 C31 R31 S31 Y31 X31 Z31 C41 R41 S41 Y41 X41 Z41 C51 R51 S51 Y51 X51 Z51 C61 R61 S61 Y61 X61 Z61 C71 R71 S71] Compute] 
fsrcnn_8layer_2026-01-30T23:12:03.839562,fsrcnn,8layer,full,8,thesis_arch,512,512,8,64,True,,16330.76635691701,29281254.545454547,701648.0832410912,"(14878941192, 4721068800)",0.2373046875,16.596170902252197,DRAM[Q15 P540 X615 Y6540 X515 Y5540 X415 Y4540 X315 Y3540 X215 Y2540 X115 Y1540 X015 Y0540 C01 R01 S01 Z01 C11 R11 S11 Z11 C21 R21 S21 Z21 C31 R31 S31 Z31 C41 R41 S41 Z41 C51 R51 S51 Z51 C61 R61 S61 Z61 C71 R71 S71 Z71] FeatureMemory[C01 Y01 X01 R01 S01 Z01 C11 R11 S11 Y11 X11 Z11 C21 R21 S21 Y21 X21 Z21 C31 R31 S31 Y31 X31 Z31 C41 R41 S41 Y41 X41 Z41 C51 R51 S51 Y51 X51 Z51 C61 R61 S61 Y61 X61 Z61 C71 R71 S71 P1 Q1 Z71] WeightMemory[Z72 C756 R73 S73 Z67 C612 R61 S61 Z52 C512 R53 S53 Z42 C412 R43 S43 Z32 C312 R33 S33 Z22 C212 R23 S23 Z12 C156 R11 S11 Z07 C03 R05 S05 Y01 X01 Y11 X11 Y21 X21 Y31 X31 Y41 X41 Y51 X51 Y61 X61 P1 Q1] SACols_7[Q64] SARows_7[Z78] SACols_6[X664] SARows_6[Z68] SACols_5[X564] SARows_5[Z56] SACols_4[X464] SARows_4[Z46] SACols_3[X364] SARows_3[Z36] SACols_2[X264] SARows_2[Z26] SACols_1[X164] SARows_1[Z16] SACols_0[X064] SARows_0[Z08] WeightRegister[C71 R71 S71 C61 R61 S61 C51 R51 S51 C41 R41 S41 C31 R31 S31 C21 R21 S21 C11 R11 S11 C01 R01 S01 Y01 X01 Z01 Y11 X11 Z11 Y21 X21 Z21 Y31 X31 Z31 Y41 X41 Z41 Y51 X51 Z51 Y61 X61 Z61 P1 Q1 Z71] AccumulationIntermediateOutputRegister[Z61 Y61 X61 Z51 Y51 X51 Z41 Y41 X41 Z31 Y31 X31 Z21 Y21 X21 Z11 Y11 X11 Z01 Y01 X01 C01 R01 S01 C11 R11 S11 C21 R21 S21 C31 R31 S31 C41 R41 S41 C51 R51 S51 C61 R61 S61 C71 R71 S71 P1 Q1 Z71] AccumulationOutputRegister[Q1 P1 Z71 C01 Y01 X01 R01 S01 Z01 C11 R11 S11 Y11 X11 Z11 C21 R21 S21 Y21 X21 Z21 C31 R31 S31 Y31 X31 Z31 C41 R41 S41 Y41 X41 Z41 C51 R51 S51 Y51 X51 Z51 C61 R61 S61 Y61 X61 Z61 C71 R71 S71] Compute] 
fsrcnn_8layer_2026-01-30T23:12:24.932771,fsrcnn,8layer,full,8,thesis_arch,512,512,16,128,True,,17205.87112620188,34335556.36363636,852808.3128989589,"(15155753832, 5185555200)",0.10841581382647902,16.917333364486694,DRAM[Q8 P540 X68 Y6540 X58 Y5540 X48 Y4540 X38 Y3540 X28 Y2540 X18 Y1540 X08 Y0540 C01 R01 S01 Z01 C11 R11 S11 Z11 C21 R21 S21 Z21 C31 R31 S31 Z31 C41 R41 S41 Z41 C51 R51 S51 Z51 C61 R61 S61 Z61 C71 R71 S71 Z71] FeatureMemory[C01 Y01 X01 R01 S01 Z01 C11 R11 S11 Y11 X11 Z11 C21 R21 S21 Y21 X21 Z21 C31 R31 S31 Y31 X31 Z31 C41 R41 S41 Y41 X41 Z41 C51 R51 S51 Y51 X51 Z51 C61 R61 S61 Y61 X61 Z61 C71 R71 S71 P1 Q1 Z71] WeightMemory[Z71 C756 R73 S73 Z64 C612 R61 S61 Z51 C512 R53 S53 Z41 C412 R43 S43 Z31 C312 R33 S33 Z21 C212 R23 S23 Z11 C156 R11 S11 Z04 C03 R05 S05 Y01 X01 Y11 X11 Y21 X21 Y31 X31 Y41 X41 Y51 X51 Y61 X61 P1 Q1] SACols_7[Q120] SARows_7[Z716] SACols_6[X6120] SARows_6[Z614] SACols_5[X5120] SARows_5[Z512] SACols_4[X4120] SARows_4[Z412] SACols_3[X3120] SARows_3[Z312] SACols_2[X2120] SARows_2[Z212] SACols_1[X1120] SARows_1[Z112] SACols_0[X0120] SARows_0[Z014] WeightRegister[C71 R71 S71 C61 R61 S61 C51 R51 S51 C41 R41 S41 C31 R31 S31 C21 R21 S21 C11 R11 S11 C01 R01 S01 Y01 X01 Z01 Y11 X11 Z11 Y21 X21 Z21 Y31 X31 Z31 Y41 X41 Z41 Y51 X51 Z51 Y61 X61 Z61 P1 Q1 Z71] AccumulationIntermediateOutputRegister[Z61 Y61 X61 Z51 Y51 X51 Z41 Y41 X41 Z31 Y31 X31 Z21 Y21 X21 Z11 Y11 X11 Z01 Y01 X01 C01 R01 S01 C11 R11 S11 C21 R21 S21 C31 R31 S31 C41 R41 S41 C51 R51 S51 C61 R61 S61 C71 R71 S71 P1 Q1 Z71] AccumulationOutputRegister[Q1 P1 Z71 C01 Y01 X01 R01 S01 Z01 C11 R11 S11 Y11 X11 Z11 C21 R21 S21 Y21 X21 Z21 C31 R31 S31 Y31 X31 Z31 C41 R41 S41 Y41 X41 Z41 C51 R51 S51 Y51 X51 Z51 C61 R61 S61 Y61 X61 Z61 C71 R71 S71] Compute] 
fsrcnn_8layer_2026-01-30T23:12:55.435871,fsrcnn,8layer,full,8,thesis_arch,512,512,32,256,True,,19765.548909411056,64431400.9090909,1765236.5408721096,"(16032731112, 6180883200)",0.0016939970910387347,29.034191608428955,DRAM[Q4 P540 X64 Y6540 X54 Y5540 X44 Y4540 X34 Y3540 X24 Y2540 X14 Y1540 X04 Y0540 C01 R01 S01 Z01 C11 R11 S11 Z11 C21 R21 S21 Z21 C31 R31 S31 Z31 C41 R41 S41 Z41 C51 R51 S51 Z51 C61 R61 S61 Z61 C71 R71 S71 Z71] FeatureMemory[C01 Y01 X01 R01 S01 Z01 C11 R11 S11 Y11 X11 Z11 C21 R21 S21 Y21 X21 Z21 C31 R31 S31 Y31 X31 Z31 C41 R41 S41 Y41 X41 Z41 C51 R51 S51 Y51 X51 Z51 C61 R61 S61 Y61 X61 Z61 C71 R71 S71 P1 Q1 Z71] WeightMemory[Z71 C756 R73 S73 Z62 C612 R61 S61 Z51 C512 R53 S53 Z41 C412 R43 S43 Z31 C312 R33 S33 Z21 C212 R23 S23 Z11 C156 R11 S11 Z02 C03 R05 S05 Y01 X01 Y11 X11 Y21 X21 Y31 X31 Y41 X41 Y51 X51 Y61 X61 P1 Q1] SACols_7[Q240] SARows_7[Z716] SACols_6[X6240] SARows_6[Z628] SACols_5[X5240] SARows_5[Z512] SACols_4[X4240] SARows_4[Z412] SACols_3[X3240] SARows_3[Z312] SACols_2[X2240] SARows_2[Z212] SACols_1[X1240] SARows_1[Z112] SACols_0[X0240] SARows_0[Z028] WeightRegister[C71 R71 S71 C61 R61 S61 C51 R51 S51 C41 R41 S41 C31 R31 S31 C21 R21 S21 C11 R11 S11 C01 R01 S01 Y01 X01 Z01 Y11 X11 Z11 Y21 X21 Z21 Y31 X31 Z31 Y41 X41 Z41 Y51 X51 Z51 Y61 X61 Z61 P1 Q1 Z71] AccumulationIntermediateOutputRegister[Z61 Y61 X61 Z51 Y51 X51 Z41 Y41 X41 Z31 Y31 X31 Z21 Y21 X21 Z11 Y11 X11 Z01 Y01 X01 C01 R01 S01 C11 R11 S11 C21 R21 S21 C31 R31 S31 C41 R41 S41 C51 R51 S51 C61 R61 S61 C71 R71 S71 P1 Q1 Z71] AccumulationOutputRegister[Q1 P1 Z71 C01 Y01 X01 R01 S01 Z01 C11 R11 S11 Y11 X11 Z11 C21 R21 S21 Y21 X21 Z21 C31 R31 S31 Y31 X31 Z31 C41 R41 S41 Y41 X41 Z41 C51 R51 S51 Y51 X51 Z51 C61 R61 S61 Y61 X61 Z61 C71 R71 S71] Compute] 
fsrcnn_8layer_2026-01-30T23:13:34.359461,fsrcnn,8layer,full,8,thesis_arch,512,1024,8,64,True,,19804.298194017014,29281254.545454547,903502.256672183,"(14878941192, 4721068800)",0.2373046875,21.682390213012695,DRAM[Q15 P540 X615 Y6540 X515 Y5540 X415 Y4540 X315 Y3540 X215 Y2540 X115 Y1540 X015 Y0540 C01 R01 S01 Z01 C11 R11 S11 Z11 C21 R21 S21 Z21 C31 R31 S31 Z31 C41 R41 S41 Z41 C51 R51 S51 Z51 C61 R61 S61 Z61 C71 R71 S71 Z71] FeatureMemory[C01 Y01 X01 R01 S01 Z01 C11 R11 S11 Y11 X11 Z11 C21 R21 S21 Y21 X21 Z21 C31 R31 S31 Y31 X31 Z31 C41 R41 S41 Y41 X41 Z41 C51 R51 S51 Y51 X51 Z51 C61 R61 S61 Y61 X61 Z61 C71 R71 S71 P1 Q1 Z71] WeightMemory[Z72 C756 R73 S73 Z67 C612 R61 S61 Z52 C512 R53 S53 Z42 C412 R43 S43 Z32 C312 R33 S33 Z22 C212 R23 S23 Z12 C156 R11 S11 Z07 C03 R05 S05 Y01 X01 Y11 X11 Y21 X21 Y31 X31 Y41 X41 Y51 X51 Y61 X61 P1 Q1] SACols_7[Q64] SARows_7[Z78] SACols_6[X664] SARows_6[Z68] SACols_5[X564] SARows_5[Z56] SACols_4[X464] SARows_4[Z46] SACols_3[X364] SARows_3[Z36] SACols_2[X264] SARows_2[Z26] SACols_1[X164] SARows_1[Z16] SACols_0[X064] SARows_0[Z08] WeightRegister[C71 R71 S71 C61 R61 S61 C51 R51 S51 C41 R41 S41 C31 R31 S31 C21 R21 S21 C11 R11 S11 C01 R01 S01 Y01 X01 Z01 Y11 X11 Z11 Y21 X21 Z21 Y31 X31 Z31 Y41 X41 Z41 Y51 X51 Z51 Y61 X61 Z61 P1 Q1 Z71] AccumulationIntermediateOutputRegister[Z61 Y61 X61 Z51 Y51 X51 Z41 Y41 X41 Z31 Y31 X31 Z21 Y21 X21 Z11 Y11 X11 Z01 Y01 X01 C01 R01 S01 C11 R11 S11 C21 R21 S21 C31 R31 S31 C41 R41 S41 C51 R51 S51 C61 R61 S61 C71 R71 S71 P1 Q1 Z71] AccumulationOutputRegister[Q1 P1 Z71 C01 Y01 X01 R01 S01 Z01 C11 R11 S11 Y11 X11 Z11 C21 R21 S21 Y21 X21 Z21 C31 R31 S31 Y31 X31 Z31 C41 R41 S41 Y41 X41 Z41 C51 R51 S51 Y51 X51 Z51 C61 R61 S61 Y61 X61 Z61 C71 R71 S71] Compute] 
fsrcnn_8layer_2026-01-30T23:14:03.059071,fsrcnn,8layer,full,8,thesis_arch,512,1024,16,128,True,,20654.46478600989,34335556.36363636,1088648.7134539073,"(15155753832, 5185555200)",0.10841581382647902,23.30767798423767,DRAM[Q8 P540 X68 Y6540 X58 Y5540 X48 Y4540 X38 Y3540 X28 Y2540 X18 Y1540 X08 Y0540 C01 R01 S01 Z01 C11 R11 S11 Z11 C21 R21 S21 Z21 C31 R31 S31 Z31 C41 R41 S41 Z41 C51 R51 S51 Z51 C61 R61 S61 Z61 C71 R71 S71 Z71] FeatureMemory[C01 Y01 X01 R01 S01 Z01 C11 R11 S11 Y11 X11 Z11 C21 R21 S21 Y21 X21 Z21 C31 R31 S31 Y31 X31 Z31 C41 R41 S41 Y41 X41 Z41 C51 R51 S51 Y51 X51 Z51 C61 R61 S61 Y61 X61 Z61 C71 R71 S71 P1 Q1 Z71] WeightMemory[Z71 C756 R73 S73 Z64 C612 R61 S61 Z51 C512 R53 S53 Z41 C412 R43 S43 Z31 C312 R33 S33 Z21 C212 R23 S23 Z11 C156 R11 S11 Z04 C03 R05 S05 Y01 X01 Y11 X11 Y21 X21 Y31 X31 Y41 X41 Y51 X51 Y61 X61 P1 Q1] SACols_7[Q120] SARows_7[Z716] SACols_6[X6120] SARows_6[Z614] SACols_5[X5120] SARows_5[Z512] SACols_4[X4120] SARows_4[Z412] SACols_3[X3120] SARows_3[Z312] SACols_2[X2120] SARows_2[Z212] SACols_1[X1120] SARows_1[Z112] SACols_0[X0120] SARows_0[Z014] WeightRegister[C71 R71 S71 C61 R61 S61 C51 R51 S51 C41 R41 S41 C31 R31 S31 C21 R21 S21 C11 R11 S11 C01 R01 S01 Y01 X01 Z01 Y11 X11 Z11 Y21 X21 Z21 Y31 X31 Z31 Y41 X41 Z41 Y51 X51 Z51 Y61 X61 Z61 P1 Q1 Z71] AccumulationIntermediateOutputRegister[Z61 Y61 X61 Z51 Y51 X51 Z41 Y41 X41 Z31 Y31 X31 Z21 Y21 X21 Z11 Y11 X11 Z01 Y01 X01 C01 R01 S01 C11 R11 S11 C21 R21 S21 C31 R31 S31 C41 R41 S41 C51 R51 S51 C61 R61 S61 C71 R71 S71 P1 Q1 Z71] AccumulationOutputRegister[Q1 P1 Z71 C01 Y01 X01 R01 S01 Z01 C11 R11 S11 Y11 X11 Z11 C21 R21 S21 Y21 X21 Z21 C31 R31 S31 Y31 X31 Z31 C41 R41 S41 Y41 X41 Z41 C51 R51 S51 Y51 X51 Z51 C61 R61 S61 Y61 X61 Z61 C71 R71 S71] Compute] 
fsrcnn_8layer_2026-01-30T23:14:33.977154,fsrcnn,8layer,full,8,thesis_arch,512,1024,32,256,True,,23199.892182195057,64431400.9090909,2206877.8900888413,"(16032731112, 6180883200)",0.0016939970910387347,35.55440354347229,DRAM[Q4 P540 X64 Y6540 X54 Y5540 X44 Y4540 X34 Y3540 X24 Y2540 X14 Y1540 X04 Y0540 C01 R01 S01 Z01 C11 R11 S11 Z11 C21 R21 S21 Z21 C31 R31 S31 Z31 C41 R41 S41 Z41 C51 R51 S51 Z51 C61 R61 S61 Z61 C71 R71 S71 Z71] FeatureMemory[C01 Y01 X01 R01 S01 Z01 C11 R11 S11 Y11 X11 Z11 C21 R21 S21 Y21 X21 Z21 C31 R31 S31 Y31 X31 Z31 C41 R41 S41 Y41 X41 Z41 C51 R51 S51 Y51 X51 Z51 C61 R61 S61 Y61 X61 Z61 C71 R71 S71 P1 Q1 Z71] WeightMemory[Z71 C756 R73 S73 Z62 C612 R61 S61 Z51 C512 R53 S53 Z41 C412 R43 S43 Z31 C312 R33 S33 Z21 C212 R23 S23 Z11 C156 R11 S11 Z02 C03 R05 S05 Y01 X01 Y11 X11 Y21 X21 Y31 X31 Y41 X41 Y51 X51 Y61 X61 P1 Q1] SACols_7[Q240] SARows_7[Z716] SACols_6[X6240] SARows_6[Z628] SACols_5[X5240] SARows_5[Z512] SACols_4[X4240] SARows_4[Z412] SACols_3[X3240] SARows_3[Z312] SACols_2[X2240] SARows_2[Z212] SACols_1[X1240] SARows_1[Z112] SACols_0[X0240] SARows_0[Z028] WeightRegister[C71 R71 S71 C61 R61 S61 C51 R51 S51 C41 R41 S41 C31 R31 S31 C21 R21 S21 C11 R11 S11 C01 R01 S01 Y01 X01 Z01 Y11 X11 Z11 Y21 X21 Z21 Y31 X31 Z31 Y41 X41 Z41 Y51 X51 Z51 Y61 X61 Z61 P1 Q1 Z71] AccumulationIntermediateOutputRegister[Z61 Y61 X61 Z51 Y51 X51 Z41 Y41 X41 Z31 Y31 X31 Z21 Y21 X21 Z11 Y11 X11 Z01 Y01 X01 C01 R01 S01 C11 R11 S11 C21 R21 S21 C31 R31 S31 C41 R41 S41 C51 R51 S51 C61 R61 S61 C71 R71 S71 P1 Q1 Z71] AccumulationOutputRegister[Q1 P1 Z71 C01 Y01 X01 R01 S01 Z01 C11 R11 S11 Y11 X11 Z11 C21 R21 S21 Y21 X21 Z21 C31 R31 S31 Y31 X31 Z31 C41 R41 S41 Y41 X41 Z41 C51 R51 S51 Y51 X51 Z51 C61 R61 S61 Y61 X61 Z61 C71 R71 S71] Compute] 
