experiment_id,workload_name,workload_variant,fusion_level,num_fused_layers,arch_type,arch_name,fmem_size_kB,wmem_size_kB,gb_size_kB,pe_rows,pe_cols,tile_size,scale_bandwidth,success,error_message,energy_uJ,latency_cycles,edp,mops,utilization,mapping_time_s,mapping
vgg16_13layer_2026-02-13T15:53:48.707644,vgg16,13layer,full,13,eyeriss,thesis_arch,1056,524,128,196,64,1,True,True,,1.006e+06,8.159e+07,8.33e+07,"(38378878656, 17383525376)",0.03585323322818623,0.35794949531555176,DRAM[P=14 Q=14 Z12=1 C12=1 R12=1 S12=1 Y11=14 X11=14 Z11=1 C11=1 R11=1 S11=1 Y10=14 X10=14 Z10=1 C10=1 R10=1 S10=1 Y9=28 X9=28 Z9=1 C9=1 R9=1 S9=1 Y8=28 X8=28 Z8=1 C8=1 R8=1 S8=1 Y7=28 X7=28 Z7=1 C7=1 R7=1 S7=1 Y6=56 X6=56 Z6=1 C6=1 R6=1 S6=1 Y5=56 X5=56 Z5=1 C5=1 R5=1 S5=1 Y4=56 X4=56 Z4=1 C4=1 R4=1 S4=1 Y3=112 X3=112 Z3=1 C3=1 R3=1 S3=1 Y2=112 X2=112 Z2=1 C2=1 R2=1 S2=1 Y1=224 X1=224 Z1=1 C1=1 R1=1 S1=1 Y0=224 X0=224 Z0=1 C0=1 R0=1 S0=1] GlobalBuffer[P=1 Q=1 Z12=1 C12=1 R12=1 S12=1 Y11=1 X11=1 Z11=1 C11=1 R11=1 S11=1 Y10=1 X10=1 Z10=1 C10=1 R10=1 S10=1 Y9=1 X9=1 Z9=1 C9=1 R9=1 S9=1 Y8=1 X8=1 Z8=1 C8=1 R8=1 S8=1 Y7=1 X7=1 Z7=1 C7=1 R7=1 S7=1 Y6=1 X6=1 Z6=1 C6=1 R6=1 S6=1 Y5=1 X5=1 Z5=1 C5=1 R5=1 S5=1 Y4=1 X4=1 Z4=1 C4=1 R4=1 S4=1 Y3=1 X3=1 Z3=1 C3=1 R3=1 S3=1 Y2=1 X2=1 Z2=1 C2=1 R2=1 S2=1 Y1=1 X1=1 Z1=1 C1=1 R1=1 S1=1 Y0=1 X0=1 Z0=1 C0=1 R0=1 S0=1] SACols[Q=1 Z12=64] SARows[S12=3 C12=64 Z12=1] SACols_11[X11=1 Z11=64] SARows_11[S11=3 C11=64 Z11=1] SACols_10[X10=1 Z10=64] SARows_10[S10=3 C10=64 Z10=1] SACols_9[X9=1 Z9=64] SARows_9[S9=3 C9=64 Z9=1] SACols_8[X8=1 Z8=64] SARows_8[S8=3 C8=64 Z8=1] SACols_7[X7=1 Z7=64] SARows_7[S7=3 C7=64 Z7=1] SACols_6[X6=1 Z6=64] SARows_6[S6=3 C6=64 Z6=1] SACols_5[X5=1 Z5=64] SARows_5[S5=3 C5=64 Z5=1] SACols_4[X4=1 Z4=64] SARows_4[S4=3 C4=64 Z4=1] SACols_3[X3=1 Z3=64] SARows_3[S3=3 C3=64 Z3=1] SACols_2[X2=1 Z2=64] SARows_2[S2=3 C2=64 Z2=1] SACols_1[X1=1 Z1=64] SARows_1[S1=3 C1=64 Z1=1] SACols_0[X0=1 Z0=64] SARows_0[S0=3 C0=3 Z0=1] InRegister[P=1 Q=1 Z12=1 C12=1 R12=1 S12=1 Y11=1 X11=1 Z11=1 C11=1 R11=1 S11=1 Y10=1 X10=1 Z10=1 C10=1 R10=1 S10=1 Y9=1 X9=1 Z9=1 C9=1 R9=1 S9=1 Y8=1 X8=1 Z8=1 C8=1 R8=1 S8=1 Y7=1 X7=1 Z7=1 C7=1 R7=1 S7=1 Y6=1 X6=1 Z6=1 C6=1 R6=1 S6=1 Y5=1 X5=1 Z5=1 C5=1 R5=1 S5=1 Y4=1 X4=1 Z4=1 C4=1 R4=1 S4=1 Y3=1 X3=1 Z3=1 C3=1 R3=1 S3=1 Y2=1 X2=1 Z2=1 C2=1 R2=1 S2=1 Y1=1 X1=1 Z1=1 C1=1 R1=1 S1=1 Y0=1 X0=1 Z0=1 C0=1 R0=1 S0=1] WRegister[P=1 Q=1 Z12=1 C12=8 R12=3 S12=1 Y11=1 X11=1 Z11=1 C11=8 R11=3 S11=1 Y10=1 X10=1 Z10=1 C10=8 R10=3 S10=1 Y9=1 X9=1 Z9=1 C9=8 R9=3 S9=1 Y8=1 X8=1 Z8=1 C8=8 R8=3 S8=1 Y7=1 X7=1 Z7=1 C7=4 R7=3 S7=1 Y6=1 X6=1 Z6=1 C6=4 R6=3 S6=1 Y5=1 X5=1 Z5=1 C5=4 R5=3 S5=1 Y4=1 X4=1 Z4=1 C4=2 R4=3 S4=1 Y3=1 X3=1 Z3=1 C3=2 R3=3 S3=1 Y2=1 X2=1 Z2=1 C2=1 R2=3 S2=1 Y1=1 X1=1 Z1=1 C1=1 R1=3 S1=1 Y0=1 X0=1 Z0=1 C0=1 R0=3 S0=1] IntermediateRegister[P=1 Q=1 Z12=1 C12=1 R12=1 S12=1 Y11=1 X11=1 Z11=8 C11=1 R11=1 S11=1 Y10=1 X10=1 Z10=8 C10=1 R10=1 S10=1 Y9=1 X9=1 Z9=8 C9=1 R9=1 S9=1 Y8=1 X8=1 Z8=8 C8=1 R8=1 S8=1 Y7=1 X7=1 Z7=8 C7=1 R7=1 S7=1 Y6=1 X6=1 Z6=4 C6=1 R6=1 S6=1 Y5=1 X5=1 Z5=4 C5=1 R5=1 S5=1 Y4=1 X4=1 Z4=4 C4=1 R4=1 S4=1 Y3=1 X3=1 Z3=2 C3=1 R3=1 S3=1 Y2=1 X2=1 Z2=2 C2=1 R2=1 S2=1 Y1=1 X1=1 Z1=1 C1=1 R1=1 S1=1 Y0=1 X0=1 Z0=1 C0=1 R0=1 S0=1] OutRegister[P=1 Q=1 Z12=8 C12=1 R12=1 S12=1 Y11=1 X11=1 Z11=1 C11=1 R11=1 S11=1 Y10=1 X10=1 Z10=1 C10=1 R10=1 S10=1 Y9=1 X9=1 Z9=1 C9=1 R9=1 S9=1 Y8=1 X8=1 Z8=1 C8=1 R8=1 S8=1 Y7=1 X7=1 Z7=1 C7=1 R7=1 S7=1 Y6=1 X6=1 Z6=1 C6=1 R6=1 S6=1 Y5=1 X5=1 Z5=1 C5=1 R5=1 S5=1 Y4=1 X4=1 Z4=1 C4=1 R4=1 S4=1 Y3=1 X3=1 Z3=1 C3=1 R3=1 S3=1 Y2=1 X2=1 Z2=1 C2=1 R2=1 S2=1 Y1=1 X1=1 Z1=1 C1=1 R1=1 S1=1 Y0=1 X0=1 Z0=1 C0=1 R0=1 S0=1] Compute] 
vgg16_L0_2026-02-13T15:55:01.478420,vgg16,L0,single,1,eyeriss,thesis_arch,1056,524,128,196,64,1,True,True,,1.562e+02,7.326e+06,1.14e+03,"(33117888, 35624960)",0.04591836734693878,0.07990789413452148,DRAM[M=1 C=1 R=1 S=1 P=224 Q=224] GlobalBuffer[Q=1 S=1 C=1 R=1 M=1 P=1] SACols[Q=1 M=64] SARows[S=3 C=3 M=1] InRegister[S=1 R=1 Q=1 P=1 C=1 M=1] WRegister[C=1 R=3 S=1 Q=1 P=1 M=1] OutRegister[M=1 S=1 R=1 Q=1 P=1 C=1] Compute] 
vgg16_L1_2026-02-13T15:55:02.084779,vgg16,L1,single,1,eyeriss,thesis_arch,1056,524,128,196,64,1,True,True,,1.210e+03,2.569e+07,3.11e+04,"(633057280, 626347008)",0.9795918367346939,0.06986856460571289,DRAM[M=1 C=1 R=1 S=1 P=224 Q=224] GlobalBuffer[Q=1 S=1 C=1 R=1 M=1 P=1] SACols[Q=1 M=64] SARows[S=3 C=64 M=1] InRegister[S=1 R=1 Q=1 P=1 C=1 M=1] WRegister[C=1 R=3 S=1 Q=1 P=1 M=1] OutRegister[M=1 S=1 R=1 Q=1 P=1 C=1] Compute] 
vgg16_L2_2026-02-13T15:55:02.513493,vgg16,L2,single,1,eyeriss,thesis_arch,1056,524,128,196,64,1,True,True,,4.556e+02,8.028e+06,3.66e+03,"(313372672, 158230016)",0.9795918367346939,0.14024734497070312,DRAM[M=1 C=1 R=1 S=1 P=112 Q=112] GlobalBuffer[Q=1 S=1 C=1 R=1 M=1 P=1] SACols[Q=1 M=64] SARows[S=3 C=64 M=1] InRegister[S=1 R=1 Q=1 P=1 C=1 M=1] WRegister[C=1 R=3 S=1 Q=1 P=1 M=1] OutRegister[M=2 S=1 R=1 Q=1 P=1 C=1] Compute] 
vgg16_L3_2026-02-13T15:55:03.114861,vgg16,L3,single,1,eyeriss,thesis_arch,1056,524,128,196,64,1,True,True,,6.094e+02,1.285e+07,7.83e+03,"(316883456, 313248768)",0.9795918367346939,0.031119585037231445,DRAM[M=1 C=1 R=1 S=1 P=112 Q=112] GlobalBuffer[Q=1 S=1 C=1 R=1 M=1 P=1] SACols[Q=1 M=64] SARows[S=3 C=64 M=1] InRegister[S=1 R=1 Q=1 P=1 C=1 M=1] WRegister[C=2 R=3 S=1 Q=1 P=1 M=1] OutRegister[M=2 S=1 R=1 Q=1 P=1 C=1] Compute] 
vgg16_L4_2026-02-13T15:55:03.750426,vgg16,L4,single,1,eyeriss,thesis_arch,1056,524,128,196,64,1,True,True,,2.362e+02,4.014e+06,9.50e+02,"(157057280, 79152640)",0.9795918367346939,0.07921934127807617,DRAM[M=1 C=1 R=1 S=1 P=56 Q=56] GlobalBuffer[Q=1 S=1 C=1 R=1 M=1 P=1] SACols[Q=1 M=64] SARows[S=3 C=64 M=1] InRegister[S=1 R=1 Q=1 P=1 C=1 M=1] WRegister[C=2 R=3 S=1 Q=1 P=1 M=1] OutRegister[M=4 S=1 R=1 Q=1 P=1 C=1] Compute] 
vgg16_L5_2026-02-13T15:55:04.470824,vgg16,L5,single,1,eyeriss,thesis_arch,1056,524,128,196,64,1,True,True,,3.215e+02,6.423e+06,2.07e+03,"(159183616, 156699648)",0.9795918367346939,0.11095714569091797,DRAM[M=1 C=1 R=1 S=1 P=56 Q=56] GlobalBuffer[Q=1 S=1 C=1 R=1 M=1 P=1] SACols[Q=1 M=64] SARows[S=3 C=64 M=1] InRegister[S=1 R=1 Q=1 P=1 C=1 M=1] WRegister[C=4 R=3 S=1 Q=1 P=1 M=1] OutRegister[M=4 S=1 R=1 Q=1 P=1 C=1] Compute] 
vgg16_L6_2026-02-13T15:55:05.158743,vgg16,L6,single,1,eyeriss,thesis_arch,1056,524,128,196,64,1,True,True,,3.215e+02,6.423e+06,2.07e+03,"(159183616, 156699648)",0.9795918367346939,0.07280945777893066,DRAM[M=1 C=1 R=1 S=1 P=56 Q=56] GlobalBuffer[Q=1 S=1 C=1 R=1 M=1 P=1] SACols[Q=1 M=64] SARows[S=3 C=64 M=1] InRegister[S=1 R=1 Q=1 P=1 C=1 M=1] WRegister[C=4 R=3 S=1 Q=1 P=1 M=1] OutRegister[M=4 S=1 R=1 Q=1 P=1 C=1] Compute] 
vgg16_L7_2026-02-13T15:55:05.881162,vgg16,L7,single,1,eyeriss,thesis_arch,1056,524,128,196,64,1,True,True,,1.513e+02,2.007e+06,3.06e+02,"(79673728, 39613952)",0.9795918367346939,0.05681800842285156,DRAM[M=1 C=1 R=1 S=1 P=28 Q=28] GlobalBuffer[Q=1 S=1 C=1 R=1 M=1 P=1] SACols[Q=1 M=64] SARows[S=3 C=64 M=1] InRegister[S=1 R=1 Q=1 P=1 C=1 M=1] WRegister[C=4 R=3 S=1 Q=1 P=1 M=1] OutRegister[M=8 S=1 R=1 Q=1 P=1 C=1] Compute] 
vgg16_L8_2026-02-13T15:55:06.505273,vgg16,L8,single,1,eyeriss,thesis_arch,1056,524,128,196,64,1,True,False,"Ill-posed constraints:
CONSTRAINTS VIOLATION: Arch: Eyeriss_Constrained_1L_tile1_64x196 -> Level: InRegister: memory footprint: 26 VS memory available: 24
CONSTRAINTS VIOLATION: Arch: Eyeriss_Constrained_1L_tile1_64x196 -> Level: WRegister: memory footprint: 193 VS memory available: 97",0.000e+00,0.000e+00,0.00e+00,0,0.0,0.0,
vgg16_L9_2026-02-13T15:55:06.881857,vgg16,L9,single,1,eyeriss,thesis_arch,1056,524,128,196,64,1,True,False,"Ill-posed constraints:
CONSTRAINTS VIOLATION: Arch: Eyeriss_Constrained_1L_tile1_64x196 -> Level: InRegister: memory footprint: 26 VS memory available: 24
CONSTRAINTS VIOLATION: Arch: Eyeriss_Constrained_1L_tile1_64x196 -> Level: WRegister: memory footprint: 193 VS memory available: 97",0.000e+00,0.000e+00,0.00e+00,0,0.0,0.0,
vgg16_L10_2026-02-13T15:55:07.295075,vgg16,L10,single,1,eyeriss,thesis_arch,1056,524,128,196,64,1,True,False,"Ill-posed constraints:
CONSTRAINTS VIOLATION: Arch: Eyeriss_Constrained_1L_tile1_64x196 -> Level: InRegister: memory footprint: 26 VS memory available: 24
CONSTRAINTS VIOLATION: Arch: Eyeriss_Constrained_1L_tile1_64x196 -> Level: WRegister: memory footprint: 193 VS memory available: 97",0.000e+00,0.000e+00,0.00e+00,0,0.0,0.0,
vgg16_L11_2026-02-13T15:55:07.792405,vgg16,L11,single,1,eyeriss,thesis_arch,1056,524,128,196,64,1,True,False,"Ill-posed constraints:
CONSTRAINTS VIOLATION: Arch: Eyeriss_Constrained_1L_tile1_64x196 -> Level: InRegister: memory footprint: 26 VS memory available: 24
CONSTRAINTS VIOLATION: Arch: Eyeriss_Constrained_1L_tile1_64x196 -> Level: WRegister: memory footprint: 193 VS memory available: 97",0.000e+00,0.000e+00,0.00e+00,0,0.0,0.0,
vgg16_L12_2026-02-13T15:55:08.121548,vgg16,L12,single,1,eyeriss,thesis_arch,1056,524,128,196,64,1,True,False,"Ill-posed constraints:
CONSTRAINTS VIOLATION: Arch: Eyeriss_Constrained_1L_tile1_64x196 -> Level: InRegister: memory footprint: 26 VS memory available: 24
CONSTRAINTS VIOLATION: Arch: Eyeriss_Constrained_1L_tile1_64x196 -> Level: WRegister: memory footprint: 193 VS memory available: 97",0.000e+00,0.000e+00,0.00e+00,0,0.0,0.0,
vgg16_block1_2026-02-13T15:55:53.986766,vgg16,block1,block,2,eyeriss,thesis_arch,1056,524,128,196,64,1,True,True,,3.299e+04,3.302e+07,1.26e+06,"(5854774976, 2003979264)",0.044981257809246146,0.10231137275695801,DRAM[P=224 Q=224 Z1=1 C1=1 R1=1 S1=1 Y0=224 X0=224 Z0=1 C0=1 R0=1 S0=1] GlobalBuffer[P=1 Q=1 Z1=1 C1=1 R1=1 S1=1 Y0=1 X0=1 Z0=1 C0=1 R0=1 S0=1] SACols[Q=1 Z1=64] SARows[S1=3 C1=64 Z1=1] SACols_0[X0=1 Z0=64] SARows_0[S0=3 C0=3 Z0=1] InRegister[P=1 Q=1 Z1=1 C1=1 R1=1 S1=1 Y0=1 X0=1 Z0=1 C0=1 R0=1 S0=1] WRegister[P=1 Q=1 Z1=1 C1=1 R1=3 S1=1 Y0=1 X0=1 Z0=1 C0=1 R0=3 S0=1] IntermediateRegister[P=1 Q=1 Z1=1 C1=1 R1=1 S1=1 Y0=1 X0=1 Z0=1 C0=1 R0=1 S0=1] OutRegister[P=1 Q=1 Z1=1 C1=1 R1=1 S1=1 Y0=1 X0=1 Z0=1 C0=1 R0=1 S0=1] Compute] 
vgg16_block2_2026-02-13T15:55:54.463076,vgg16,block2,block,2,eyeriss,thesis_arch,1056,524,128,196,64,1,True,True,,5.023e+04,2.087e+07,1.10e+06,"(8180916224, 3242573824)",0.9596001665972511,0.07513976097106934,DRAM[P=112 Q=112 Z1=1 C1=1 R1=1 S1=1 Y0=112 X0=112 Z0=1 C0=1 R0=1 S0=1] GlobalBuffer[P=1 Q=1 Z1=1 C1=1 R1=1 S1=1 Y0=1 X0=1 Z0=1 C0=1 R0=1 S0=1] SACols[Q=1 Z1=64] SARows[S1=3 C1=64 Z1=1] SACols_0[X0=1 Z0=64] SARows_0[S0=3 C0=64 Z0=1] InRegister[P=1 Q=1 Z1=1 C1=1 R1=1 S1=1 Y0=1 X0=1 Z0=1 C0=1 R0=1 S0=1] WRegister[P=1 Q=1 Z1=1 C1=2 R1=3 S1=1 Y0=1 X0=1 Z0=1 C0=1 R0=3 S0=1] IntermediateRegister[P=1 Q=1 Z1=1 C1=1 R1=1 S1=1 Y0=1 X0=1 Z0=2 C0=1 R0=1 S0=1] OutRegister[P=1 Q=1 Z1=2 C1=1 R1=1 S1=1 Y0=1 X0=1 Z0=1 C0=1 R0=1 S0=1] Compute] 
vgg16_block3_2026-02-13T15:55:54.881992,vgg16,block3,block,3,eyeriss,thesis_arch,1056,524,128,196,64,1,True,True,,7.625e+04,1.686e+07,1.33e+06,"(12110348288, 5013184512)",0.9400164897279194,0.19292807579040527,DRAM[P=56 Q=56 Z2=1 C2=1 R2=1 S2=1 Y1=56 X1=56 Z1=1 C1=1 R1=1 S1=1 Y0=56 X0=56 Z0=1 C0=1 R0=1 S0=1] GlobalBuffer[P=1 Q=1 Z2=1 C2=1 R2=1 S2=1 Y1=1 X1=1 Z1=1 C1=1 R1=1 S1=1 Y0=1 X0=1 Z0=1 C0=1 R0=1 S0=1] SACols[Q=1 Z2=64] SARows[S2=3 C2=64 Z2=1] SACols_1[X1=1 Z1=64] SARows_1[S1=3 C1=64 Z1=1] SACols_0[X0=1 Z0=64] SARows_0[S0=3 C0=64 Z0=1] InRegister[P=1 Q=1 Z2=1 C2=1 R2=1 S2=1 Y1=1 X1=1 Z1=1 C1=1 R1=1 S1=1 Y0=1 X0=1 Z0=1 C0=1 R0=1 S0=1] WRegister[P=1 Q=1 Z2=1 C2=4 R2=3 S2=1 Y1=1 X1=1 Z1=1 C1=4 R1=3 S1=1 Y0=1 X0=1 Z0=1 C0=2 R0=3 S0=1] IntermediateRegister[P=1 Q=1 Z2=1 C2=1 R2=1 S2=1 Y1=1 X1=1 Z1=4 C1=1 R1=1 S1=1 Y0=1 X0=1 Z0=4 C0=1 R0=1 S0=1] OutRegister[P=1 Q=1 Z2=4 C2=1 R2=1 S2=1 Y1=1 X1=1 Z1=1 C1=1 R1=1 S1=1 Y0=1 X0=1 Z0=1 C0=1 R0=1 S0=1] Compute] 
vgg16_block4_2026-02-13T15:55:55.569514,vgg16,block4,block,3,eyeriss,thesis_arch,1056,524,128,196,64,1,True,True,,7.212e+04,8.430e+06,6.19e+05,"(11609399296, 4818702336)",0.9400164897279194,0.06584382057189941,DRAM[P=28 Q=28 Z2=1 C2=1 R2=1 S2=1 Y1=28 X1=28 Z1=1 C1=1 R1=1 S1=1 Y0=28 X0=28 Z0=1 C0=1 R0=1 S0=1] GlobalBuffer[P=1 Q=1 Z2=1 C2=1 R2=1 S2=1 Y1=1 X1=1 Z1=1 C1=1 R1=1 S1=1 Y0=1 X0=1 Z0=1 C0=1 R0=1 S0=1] SACols[Q=1 Z2=64] SARows[S2=3 C2=64 Z2=1] SACols_1[X1=1 Z1=64] SARows_1[S1=3 C1=64 Z1=1] SACols_0[X0=1 Z0=64] SARows_0[S0=3 C0=64 Z0=1] InRegister[P=1 Q=1 Z2=1 C2=1 R2=1 S2=1 Y1=1 X1=1 Z1=1 C1=1 R1=1 S1=1 Y0=1 X0=1 Z0=1 C0=1 R0=1 S0=1] WRegister[P=1 Q=1 Z2=1 C2=8 R2=3 S2=1 Y1=1 X1=1 Z1=1 C1=8 R1=3 S1=1 Y0=1 X0=1 Z0=1 C0=4 R0=3 S0=1] IntermediateRegister[P=1 Q=1 Z2=1 C2=1 R2=1 S2=1 Y1=1 X1=1 Z1=8 C1=1 R1=1 S1=1 Y0=1 X0=1 Z0=8 C0=1 R0=1 S0=1] OutRegister[P=1 Q=1 Z2=8 C2=1 R2=1 S2=1 Y1=1 X1=1 Z1=1 C1=1 R1=1 S1=1 Y0=1 X0=1 Z0=1 C0=1 R0=1 S0=1] Compute] 
vgg16_block5_2026-02-13T15:55:56.132907,vgg16,block5,block,3,eyeriss,thesis_arch,1056,524,128,196,64,1,True,True,,2.162e+04,2.408e+06,5.30e+04,"(3399477248, 1445570560)",0.9400164897279194,0.11324071884155273,DRAM[P=14 Q=14 Z2=1 C2=1 R2=1 S2=1 Y1=14 X1=14 Z1=1 C1=1 R1=1 S1=1 Y0=14 X0=14 Z0=1 C0=1 R0=1 S0=1] GlobalBuffer[P=1 Q=1 Z2=1 C2=1 R2=1 S2=1 Y1=1 X1=1 Z1=1 C1=1 R1=1 S1=1 Y0=1 X0=1 Z0=1 C0=1 R0=1 S0=1] SACols[Q=1 Z2=64] SARows[S2=3 C2=64 Z2=1] SACols_1[X1=1 Z1=64] SARows_1[S1=3 C1=64 Z1=1] SACols_0[X0=1 Z0=64] SARows_0[S0=3 C0=64 Z0=1] InRegister[P=1 Q=1 Z2=1 C2=1 R2=1 S2=1 Y1=1 X1=1 Z1=1 C1=1 R1=1 S1=1 Y0=1 X0=1 Z0=1 C0=1 R0=1 S0=1] WRegister[P=1 Q=1 Z2=1 C2=8 R2=3 S2=1 Y1=1 X1=1 Z1=1 C1=8 R1=3 S1=1 Y0=1 X0=1 Z0=1 C0=8 R0=3 S0=1] IntermediateRegister[P=1 Q=1 Z2=1 C2=1 R2=1 S2=1 Y1=1 X1=1 Z1=8 C1=1 R1=1 S1=1 Y0=1 X0=1 Z0=8 C0=1 R0=1 S0=1] OutRegister[P=1 Q=1 Z2=8 C2=1 R2=1 S2=1 Y1=1 X1=1 Z1=1 C1=1 R1=1 S1=1 Y0=1 X0=1 Z0=1 C0=1 R0=1 S0=1] Compute] 
